ne,snr,alvo,semente,aspereza,aval_mda,aval_lm,desajuste_mda,desajuste_lm,iter_lm,rmse_Vp_mda,cob_Vp_mda,env_Vp_mda,rmse_Vs_mda,cob_Vs_mda,env_Vs_mda,rmse_rho_mda,cob_rho_mda,env_rho_mda,rmse_Vp_lm,cob_Vp_lm,env_Vp_lm,rmse_Vs_lm,cob_Vs_lm,env_Vs_lm,rmse_rho_lm,cob_rho_lm,env_rho_lm
25,10.0,poço,0,0.15170461449889078,5,5,1.9409670212532426,1.9439797246021409,4,0.24662685981939483,0.030303030303030304,0.02602813751597205,0.18476934549327464,0.030303030303030304,0.019413573889499745,0.09268047030147641,0.030303030303030304,0.00947468144803493,0.2515554263291547,0.0,0.007626709340273176,0.18763896663695134,0.010101010101010102,0.00576769582013419,0.1102469624206587,0.030303030303030304,0.0029329063417034996
25,10.0,poço,1,0.15170461449889078,5,4,5.1095975939802365,5.077389111602733,3,0.22501252372010958,0.050505050505050504,0.025565352568218243,0.16913366166236565,0.050505050505050504,0.020013597290180193,0.06502653333099578,0.0707070707070707,0.011194942944247636,0.22200810810147514,0.030303030303030304,0.02200980042181257,0.16679541767397163,0.030303030303030304,0.015700107177867673,0.06665721308952408,0.020202020202020204,0.00916399536114736
25,10.0,poço,2,0.15170461449889078,5,5,2.9179705256539656,2.5351504162125877,4,0.37201065243139003,0.020202020202020204,0.03003148268871823,0.28839645377983786,0.0,0.02312418638080805,0.11075532991905802,0.0707070707070707,0.009769979900064611,0.4651958834500133,0.0,0.008754877410865052,0.36276611366211076,0.0,0.006813854088103055,0.1276134628726015,0.020202020202020204,0.0025175296872847423
25,10.0,poço,3,0.15170461449889078,5,3,1.9042906712671646,1.8683710074634274,2,0.2095742124203164,0.04040404040404041,0.024754757508017356,0.1595418118131422,0.030303030303030304,0.019272574767122356,0.08490904731655857,0.020202020202020204,0.010165900501520534,0.1987364709744156,0.13131313131313133,0.05392309050472305,0.1516584550106472,0.1111111111111111,0.04145535891854168,0.0860532881758562,0.050505050505050504,0.020898362174856744
25,10.0,poço,4,0.15170461449889078,5,5,3.710119245228206,3.2682046105934752,4,0.5370439186721617,0.020202020202020204,0.03388472365389707,0.3949586930215586,0.0,0.025524691894957187,0.11320334651180912,0.04040404040404041,0.01054003743929933,0.5397923753212757,0.010101010101010102,0.0102760168160237,0.39870558675510653,0.010101010101010102,0.007787940380961403,0.1201309078733546,0.010101010101010102,0.00302708955351286
25,10.0,poço,5,0.15170461449889078,5,4,2.2751428353022436,2.1790816871562324,3,0.2380545306882322,0.030303030303030304,0.025133242282490198,0.18160408614633392,0.030303030303030304,0.02030640708835791,0.0822048978757021,0.04040404040404041,0.009532692204809092,0.23358576659680327,0.04040404040404041,0.017149221656782808,0.17775697797354534,0.020202020202020204,0.013238421323357348,0.08595541707485589,0.020202020202020204,0.0058991682754092585
25,10.0,poço,6,0.15170461449889078,5,5,5.113641222520554,4.846017466068244,4,0.286293144972007,0.020202020202020204,0.028100640685320394,0.23630362971178984,0.04040404040404041,0.021498953605284712,0.08695435425519638,0.030303030303030304,0.009708994799954017,0.3572075235455556,0.0,0.012486212850657362,0.2874887402736018,0.0,0.009741592447922774,0.09250550225561815,0.0,0.0037921344943167025
25,10.0,poço,7,0.15170461449889078,5,5,2.6681601286205323,2.5435270650416735,4,0.2837628264303618,0.030303030303030304,0.028265481677785496,0.22847365461446814,0.030303030303030304,0.021877259563212913,0.09691453189567269,0.04040404040404041,0.010015741252154537,0.31865075613864435,0.0,0.007616521546996795,0.24925893057346804,0.0,0.0058440514875777415,0.10505238233724397,0.010101010101010102,0.0030170155342967046
25,10.0,poço,8,0.15170461449889078,5,5,4.494327754272286,4.269115045851858,4,0.3099031387972028,0.010101010101010102,0.024784203848112894,0.23140567126063238,0.010101010101010102,0.018985997393007516,0.076563724026414,0.04040404040404041,0.00905348864172641,0.3481057370542344,0.0,0.011069066064512132,0.2557808402533017,0.0,0.008221076636003407,0.08686420972538028,0.0,0.004119226221064157
25,10.0,poço,9,0.15170461449889078,5,5,5.19524822821443,4.863768947653422,4,0.28716690456385524,0.050505050505050504,0.031401730660645694,0.2195009741923659,0.04040404040404041,0.02387058839139509,0.09827136865816558,0.010101010101010102,0.012452058595146679,0.330696652690079,0.030303030303030304,0.01149393923788341,0.2508844117737596,0.030303030303030304,0.008900878360589363,0.12077074419446811,0.010101010101010102,0.005769107048518647
25,10.0,poço,10,0.15170461449889078,5,5,3.849122467986007,3.229962717614481,4,0.2340061283568078,0.0707070707070707,0.038448060441358095,0.183805991134584,0.050505050505050504,0.02746039554778934,0.07514649378458851,0.06060606060606061,0.014311101033401713,0.42040731133916737,0.0,0.015389358768313172,0.31402637829791313,0.010101010101010102,0.010765022959242629,0.12826871832628742,0.020202020202020204,0.00481786901932991
25,10.0,poço,11,0.15170461449889078,5,5,2.181775390899295,1.9528697327591806,4,0.36100811003231037,0.0,0.027780003948535095,0.24670473979300042,0.0,0.020447503823245523,0.13249211656717758,0.06060606060606061,0.00998095377671527,0.4144867488108396,0.0,0.009342538144860755,0.28031530968881313,0.0,0.006788793003961608,0.15825702101959052,0.010101010101010102,0.003502667780976522
25,10.0,poço,12,0.15170461449889078,5,3,1.274130135531862,1.304234361321477,2,0.25275860652158477,0.04040404040404041,0.03128266511068262,0.18788816657659718,0.04040404040404041,0.022270354025317112,0.0905270176073672,0.010101010101010102,0.012135270330889314,0.25129851687759475,0.0707070707070707,0.054261876840635166,0.18594353457321816,0.030303030303030304,0.0405078442757254,0.08803801835714639,0.0707070707070707,0.019374749555670957
25,10.0,poço,13,0.15170461449889078,5,4,4.16101638959564,4.114097987354579,3,0.31708382713527894,0.010101010101010102,0.0244316094315395,0.24036417371395036,0.04040404040404041,0.018957449282562648,0.09655764561051833,0.010101010101010102,0.009777311146936793,0.3241630522494337,0.020202020202020204,0.022233402269199096,0.24593389832740375,0.020202020202020204,0.017812802589320956,0.09323225622064427,0.030303030303030304,0.009296818123417195
25,10.0,poço,14,0.15170461449889078,5,4,5.704442900190201,5.748192924713207,3,0.3820954018611742,0.020202020202020204,0.025669324394028734,0.27178183428350544,0.020202020202020204,0.018774512211600296,0.143042489435942,0.020202020202020204,0.0102201969004141,0.35511908324327546,0.010101010101010102,0.022549694349043477,0.2561401307183809,0.010101010101010102,0.016996942204472943,0.1274780632126587,0.030303030303030304,0.01089971687069309
25,10.0,poço,15,0.15170461449889078,5,4,4.4774561393697265,4.406991593557298,3,0.2708006346243948,0.06060606060606061,0.028080606258977577,0.21839108043040517,0.04040404040404041,0.022401907325322334,0.08989091996294016,0.06060606060606061,0.00981859807391263,0.276351535622925,0.020202020202020204,0.018845483320141878,0.2280840764544162,0.020202020202020204,0.014452388490735258,0.08790427611578977,0.04040404040404041,0.006745728385489711
25,10.0,poço,16,0.15170461449889078,5,3,1.2284892478844684,1.3284176825694132,2,0.20954544111485585,0.0707070707070707,0.02728772506157721,0.15086688654265124,0.08080808080808081,0.021684078527744583,0.09041389001004077,0.0707070707070707,0.009059839942180726,0.2039291351684355,0.10101010101010101,0.047385031783263615,0.1479868806506353,0.13131313131313133,0.03584874100305507,0.08856174323056525,0.06060606060606061,0.015846092087405363
25,10.0,poço,17,0.15170461449889078,5,4,3.075044874303055,3.2472037555717193,3,0.24266286642947651,0.10101010101010101,0.030202908489328842,0.2033651022715449,0.030303030303030304,0.023039057049439707,0.1188071756703309,0.020202020202020204,0.008563449810322876,0.22091402698463075,0.010101010101010102,0.016834914777642134,0.17922606129159757,0.04040404040404041,0.012914673564369228,0.1197762540119164,0.020202020202020204,0.004963250275619139
25,10.0,poço,18,0.15170461449889078,5,3,1.6900555801726387,1.543287224316312,2,0.17353669442336522,0.09090909090909091,0.0352772485197333,0.12570866904576258,0.04040404040404041,0.027366455191886154,0.07593224860366864,0.04040404040404041,0.010514688757719052,0.17764278760069102,0.15151515151515152,0.04688859252458318,0.1265366438748589,0.09090909090909091,0.035750211539524755,0.0749673617519128,0.06060606060606061,0.018100597426385926
25,10.0,poço,19,0.15170461449889078,5,4,3.5792998301504144,3.3873455925721188,3,0.19626406713399427,0.06060606060606061,0.031105092897888854,0.15370781439834527,0.050505050505050504,0.024441925123019504,0.0903243662401199,0.050505050505050504,0.010557550003768611,0.20065335801020898,0.030303030303030304,0.0253927784971754,0.1590980288760644,0.030303030303030304,0.01890757452960062,0.09581799496645045,0.020202020202020204,0.007928837802990798
50,10.0,poço,0,0.15170461449889078,5,3,0.6377097182142955,0.8134949428748928,2,0.2325740163336433,0.13131313131313133,0.0892575814198876,0.16328321971246632,0.15151515151515152,0.06875004762478516,0.07603016403255262,0.20202020202020202,0.0345597317121962,0.19971092184188668,0.3333333333333333,0.1536893200967456,0.14132225364084436,0.37373737373737376,0.11993258810775058,0.07419902881561884,0.2727272727272727,0.053386364114664166
50,10.0,poço,1,0.15170461449889078,5,3,0.7935566888767495,1.12608454338712,2,0.21242339024511364,0.10101010101010101,0.07463359283416644,0.1570517676066706,0.15151515151515152,0.05921167071681307,0.10214735915042258,0.0707070707070707,0.03200553486327652,0.21199169360414621,0.3333333333333333,0.1398148280151797,0.15361422859654153,0.41414141414141414,0.11135396914162425,0.09765593734133994,0.23232323232323232,0.05775467349116367
50,10.0,poço,2,0.15170461449889078,5,3,0.6748586106756442,0.777021528140156,2,0.1924396345502863,0.24242424242424243,0.09018553381904998,0.15499796205398222,0.20202020202020202,0.06913851455373392,0.06756247054181477,0.2222222222222222,0.034565881876917545,0.1722729348211057,0.43434343434343436,0.15922888780926223,0.13569818029031377,0.3939393939393939,0.12158820893090515,0.07905831659209493,0.25252525252525254,0.05645849619319417
50,10.0,poço,3,0.15170461449889078,5,3,0.6979517031607145,0.8124949957660396,2,0.19408629147351977,0.21212121212121213,0.07669944632017599,0.14277582456309998,0.26262626262626265,0.057106421721403684,0.06885819524998117,0.1717171717171717,0.032261668246326744,0.20556376345761193,0.3333333333333333,0.14418000865784167,0.15316647887603155,0.42424242424242425,0.10838042319977746,0.0632663894382759,0.29292929292929293,0.051501945919363364
50,10.0,poço,4,0.15170461449889078,5,3,0.7566311050051854,0.8957120660738559,2,0.19553724129658365,0.18181818181818182,0.08034153612421772,0.15487020828341874,0.1717171717171717,0.059402319191785104,0.06869500835676462,0.16161616161616163,0.03266464850363864,0.19151217558868674,0.3939393939393939,0.1463747400352277,0.1417664894012663,0.41414141414141414,0.10600507884843491,0.07450050915048122,0.21212121212121213,0.05413652742940514
50,10.0,poço,5,0.15170461449889078,5,3,0.7943527087996758,0.8703174404399978,2,0.26284774959653534,0.1111111111111111,0.09271852491945706,0.2076973527503732,0.0707070707070707,0.06901913561472615,0.055429971884336494,0.25252525252525254,0.03243430084681726,0.2689288093827708,0.15151515151515152,0.13518888544491942,0.20410759480063778,0.13131313131313133,0.1003370076815518,0.05671075802137812,0.2828282828282828,0.05154644227857943
50,10.0,poço,6,0.15170461449889078,5,3,0.8039871998733471,0.8846623021975191,2,0.17499423357513,0.21212121212121213,0.08309897826926901,0.13543505178086426,0.20202020202020202,0.062203770945544315,0.05853071506958443,0.20202020202020202,0.03150238137380326,0.20208369829300732,0.21212121212121213,0.14991497229226622,0.15219577759935493,0.2222222222222222,0.11045151881724836,0.07213359328127031,0.26262626262626265,0.05493001351334869
50,10.0,poço,7,0.15170461449889078,5,3,0.8534292061549098,0.9856354635476906,2,0.27207229017841694,0.10101010101010101,0.08688074679744001,0.19069295603962225,0.12121212121212122,0.06375854098983821,0.0783525312170486,0.12121212121212122,0.028479079148912713,0.235768576804819,0.21212121212121213,0.16061550201485666,0.16974677506717128,0.2222222222222222,0.12061568833235069,0.06409407943306093,0.32323232323232326,0.05490639764237973
50,10.0,poço,8,0.15170461449889078,5,3,0.7606473094659214,0.8378712719802286,2,0.1680628198289688,0.26262626262626265,0.09240706099454526,0.12821228689634,0.1919191919191919,0.0694086987852173,0.0553108824593935,0.2828282828282828,0.029308830130697287,0.17127837027778806,0.36363636363636365,0.152714906837701,0.1260880085082238,0.35353535353535354,0.11433891572057134,0.05148155588245375,0.29292929292929293,0.04777093589336605
50,10.0,poço,9,0.15170461449889078,5,3,0.6681589248223363,0.779982938616067,2,0.16676609574643278,0.2828282828282828,0.09901820220259425,0.13923227648633907,0.1717171717171717,0.0723200500368142,0.07226644093225217,0.12121212121212122,0.038317321664594416,0.15713793635794848,0.5757575757575758,0.1842228718954914,0.12703120631172787,0.5050505050505051,0.13798063603397323,0.06672837890034,0.26262626262626265,0.06044729622731215
50,10.0,poço,10,0.15170461449889078,5,3,0.784391124200554,0.8204401116084138,2,0.1874201630650302,0.15151515151515152,0.08768295712229446,0.14254382031388432,0.20202020202020202,0.06613156984938345,0.08079563279410504,0.09090909090909091,0.0357167365463112,0.19607407642093597,0.31313131313131315,0.1525706307249559,0.14921351814363384,0.32323232323232326,0.11332812213690793,0.07194212121582035,0.31313131313131315,0.0716752260765897
50,10.0,poço,11,0.15170461449889078,5,3,0.588680402589544,0.667030440363542,2,0.18998131098730314,0.1717171717171717,0.09628315100400965,0.133830784173183,0.24242424242424243,0.07404516432028356,0.07426077342529201,0.1111111111111111,0.03407294560919439,0.1995659835904377,0.25252525252525254,0.14797686496671347,0.14262073460805422,0.31313131313131315,0.11194817483216629,0.0693489087045238,0.21212121212121213,0.05450551562014454
50,10.0,poço,12,0.15170461449889078,5,3,0.7654104217662764,0.9677367949523548,2,0.17393855053836238,0.21212121212121213,0.07801187212866259,0.13214631880823968,0.20202020202020202,0.058363982182289414,0.06623925400759742,0.1414141414141414,0.033064516466578445,0.1781014353370958,0.3939393939393939,0.14294674466438229,0.13977527049172994,0.35353535353535354,0.10590241440741162,0.08215109989133851,0.2222222222222222,0.05567910242249068
50,10.0,poço,13,0.15170461449889078,5,3,0.8827263566199156,0.9654620696552775,2,0.19969632743894833,0.1111111111111111,0.09487406582053604,0.14562209387985253,0.12121212121212122,0.07000033188202429,0.08569105722105651,0.15151515151515152,0.03331881735890818,0.2609424764729978,0.13131313131313133,0.173242051524237,0.1883793490509133,0.1717171717171717,0.13129238507946328,0.08550457186517953,0.18181818181818182,0.05720052541087265
50,10.0,poço,14,0.15170461449889078,5,3,0.8115191951048879,0.8966403307564574,2,0.24198234624045054,0.16161616161616163,0.09040759043426846,0.17460953411594876,0.18181818181818182,0.06724865098367529,0.06166686944423596,0.26262626262626265,0.03361377851970813,0.23274035463890974,0.20202020202020202,0.16438868051714844,0.1705766160363677,0.18181818181818182,0.12218366819471797,0.07031386523107666,0.35353535353535354,0.060447446674216254
50,10.0,poço,15,0.15170461449889078,5,3,1.2124180939334102,1.2744377340600483,2,0.23677120290813022,0.26262626262626265,0.10782170494284268,0.174371856311039,0.23232323232323232,0.0810277135549378,0.08533582607118942,0.1111111111111111,0.03788105705135659,0.2328435425566946,0.29292929292929293,0.16710877377239788,0.18030185192427983,0.30303030303030304,0.12778907404681034,0.06839319860009126,0.32323232323232326,0.056884823143069814
50,10.0,poço,16,0.15170461449889078,5,3,0.6396777910908741,0.7762438558741656,2,0.18773868848396139,0.2222222222222222,0.08650847907403159,0.14944961588484296,0.20202020202020202,0.06549778641699036,0.07320354997190764,0.050505050505050504,0.031398356427941636,0.1768112812687073,0.43434343434343436,0.15402769971604746,0.13487383338523282,0.41414141414141414,0.11485904129260302,0.07002163857399131,0.21212121212121213,0.061069271377894266
50,10.0,poço,17,0.15170461449889078,5,3,0.6374379637265163,0.799997314470719,2,0.21592131906696752,0.13131313131313133,0.08387605146182157,0.16372191558624033,0.13131313131313133,0.061417403945095324,0.056274670772245836,0.1919191919191919,0.03262586948811672,0.21158944946407607,0.18181818181818182,0.1497586626512646,0.15811189466463582,0.16161616161616163,0.10751461577754039,0.05768427559210419,0.35353535353535354,0.060349930154050394
50,10.0,poço,18,0.15170461449889078,5,3,0.6844534433119952,0.7829216025589937,2,0.17576001961332194,0.12121212121212122,0.08133324846620668,0.13043452318423843,0.1111111111111111,0.0631573849643089,0.06800016117698195,0.1717171717171717,0.02958138440459456,0.18203112878249209,0.2222222222222222,0.14109633107495884,0.13250410329351475,0.24242424242424243,0.11078190486567166,0.07338551539370006,0.21212121212121213,0.046873105856401184
50,10.0,poço,19,0.15170461449889078,5,3,0.5985378236814464,0.672270010815203,2,0.16320384108694203,0.24242424242424243,0.08914632415292609,0.12644986417224965,0.29292929292929293,0.06686186001476635,0.056025006310047205,0.20202020202020202,0.033005823800494626,0.16676240054637861,0.4444444444444444,0.1652672449109023,0.12992678231413546,0.41414141414141414,0.12570313564572574,0.058220274051171625,0.3838383838383838,0.056012776965138254
100,10.0,poço,0,0.15170461449889078,5,3,0.557718209671157,0.7038859356109292,2,0.16018260466037793,0.494949494949495,0.16261422161047678,0.11983618014100214,0.48484848484848486,0.1199074201505988,0.05253107099630219,0.41414141414141414,0.060101117170972,0.1846545628142296,0.46464646464646464,0.21141458744719563,0.1387310457774271,0.4444444444444444,0.1574256580128037,0.053381344962211766,0.5656565656565656,0.08246229275566959
100,10.0,poço,1,0.15170461449889078,5,3,0.4886432052392833,0.6162206002315082,2,0.17631991730704005,0.2828282828282828,0.15411392213055708,0.1317482623275394,0.26262626262626265,0.11477445442067706,0.04812778428357752,0.5252525252525253,0.06450704705967951,0.16388389976913886,0.5555555555555556,0.23271109280968763,0.12312677298399773,0.5959595959595959,0.17148350184411207,0.04835663820065368,0.5656565656565656,0.08061258764152616
100,10.0,poço,2,0.15170461449889078,5,3,0.5395884330564259,0.6829886324190579,2,0.15236098847854906,0.45454545454545453,0.15936458353797597,0.12145363322108109,0.45454545454545453,0.11665749282626031,0.049548074546388154,0.48484848484848486,0.06328136051924171,0.15803858495835518,0.5757575757575758,0.2229760854868121,0.12442750870950306,0.5151515151515151,0.15897142457642774,0.04609652561409262,0.6868686868686869,0.09008362713620892
100,10.0,poço,3,0.15170461449889078,5,3,0.5661881561141452,0.6909324599833463,2,0.15346998551921143,0.43434343434343436,0.14441417892091224,0.11944646962407833,0.40404040404040403,0.1085005987779037,0.0572444029858811,0.46464646464646464,0.058992624680483954,0.15706491442223458,0.5858585858585859,0.21640250396181485,0.11969668797847921,0.5858585858585859,0.16196710257585753,0.05915208310959256,0.5050505050505051,0.07608324603734008
100,10.0,poço,4,0.15170461449889078,5,3,0.5372390128999517,0.6405804027595953,2,0.1445923779018378,0.47474747474747475,0.154296161175491,0.1112992307079268,0.46464646464646464,0.11508104641251604,0.05807786045496377,0.32323232323232326,0.05811804424232506,0.15765846283591314,0.5151515151515151,0.21339345417511635,0.11757399591949906,0.5252525252525253,0.1615775952723185,0.06937953087265282,0.3434343434343434,0.07978916764026452
100,10.0,poço,5,0.15170461449889078,5,3,0.5065025479991908,0.6428313270667373,2,0.15208488418603333,0.41414141414141414,0.14848299263076167,0.1087751591213662,0.47474747474747475,0.1102742357504556,0.05145335338179026,0.3333333333333333,0.05929445378588054,0.179331317525746,0.41414141414141414,0.2126013373717849,0.12389251033871618,0.46464646464646464,0.15569187519583624,0.06550130334129418,0.3434343434343434,0.0818806407368123
100,10.0,poço,6,0.15170461449889078,5,3,0.5472619410928458,0.7072220786912632,2,0.16396553410189219,0.41414141414141414,0.14678313895566478,0.12124641967505925,0.42424242424242425,0.10905653812872683,0.05513857872402491,0.5757575757575758,0.06250962034933265,0.17573467136459459,0.43434343434343436,0.21551094979901472,0.13031625192562593,0.47474747474747475,0.16187132644500918,0.05170450854214805,0.6868686868686869,0.08251692956126595
100,10.0,poço,7,0.15170461449889078,5,3,0.4657845445658932,0.573223362726963,2,0.1795460060621077,0.2727272727272727,0.1666841061950598,0.13838743169752535,0.29292929292929293,0.12459069090404638,0.05785882179498363,0.3434343434343434,0.06311464880902959,0.17038302292791413,0.43434343434343436,0.22675064925239105,0.12578690117782915,0.47474747474747475,0.17154561070619706,0.06449335758919653,0.5050505050505051,0.0835471757069621
100,10.0,poço,8,0.15170461449889078,5,3,0.5648146873089058,0.6982701335668026,2,0.16046225802425862,0.37373737373737376,0.16279361375326903,0.12795044235110875,0.32323232323232326,0.11844231254310827,0.048587971064834534,0.4444444444444444,0.06325000499955766,0.15121689789930895,0.6363636363636364,0.22237951730526023,0.11758003961164354,0.5050505050505051,0.16286716131874235,0.04898840935591934,0.5858585858585859,0.08687511330716956
100,10.0,poço,9,0.15170461449889078,5,3,0.5393733566671419,0.6515338597940794,2,0.15327352624438564,0.45454545454545453,0.163992665228263,0.11943688691370605,0.40404040404040403,0.12245758654444217,0.05169626809209922,0.40404040404040403,0.0649353786483985,0.15697876558456483,0.6060606060606061,0.23304803164300913,0.12315639663795959,0.5454545454545454,0.1760943121045956,0.050954515237104495,0.5454545454545454,0.08345126228170255
100,10.0,poço,10,0.15170461449889078,5,3,0.497811132399155,0.6354617769861725,2,0.15203943424589808,0.47474747474747475,0.17044454969007952,0.11642360202622723,0.4444444444444444,0.1265587697001414,0.05965326057238114,0.45454545454545453,0.06577837357294554,0.14766911686950654,0.5858585858585859,0.22614908449586213,0.11434376313421728,0.6060606060606061,0.16970932642388312,0.05433441243101228,0.5555555555555556,0.08123983279520777
100,10.0,poço,11,0.15170461449889078,5,3,0.46377046534939026,0.5927523181674847,2,0.1565910363052291,0.41414141414141414,0.15280023355409658,0.11621475491524316,0.43434343434343436,0.11241415131189236,0.05146151382626871,0.48484848484848486,0.06030173113880485,0.15391632453949589,0.6060606060606061,0.2168486689128169,0.11453627315316242,0.6060606060606061,0.16124987591892276,0.04669948981930381,0.5757575757575758,0.08226912781095753
100,10.0,poço,12,0.15170461449889078,5,3,0.5003962530693713,0.625675947465051,2,0.17359749860715895,0.40404040404040403,0.16357771143438085,0.13459119975580586,0.40404040404040403,0.1224836745246423,0.04365595772600699,0.5050505050505051,0.0677126460811731,0.17231731725225427,0.5050505050505051,0.22326746059423963,0.1298078502046526,0.5252525252525253,0.16495993225630365,0.05334421115457878,0.47474747474747475,0.08588756171953998
100,10.0,poço,13,0.15170461449889078,5,3,0.6225821396431434,0.7566407460765767,2,0.15048039442063432,0.47474747474747475,0.15882108147585489,0.11564513232832146,0.46464646464646464,0.11660683046978107,0.0470331551171563,0.5050505050505051,0.06765527841099779,0.15294307714335345,0.5959595959595959,0.2174897543517329,0.11696691927748495,0.5555555555555556,0.16222001451665638,0.048226007934888994,0.5959595959595959,0.08704975075370487
100,10.0,poço,14,0.15170461449889078,5,3,0.5451747739821845,0.6852077073323575,2,0.15721282082976124,0.42424242424242425,0.1562105273405844,0.12381150203711883,0.42424242424242425,0.11581663673084623,0.04885517954496284,0.40404040404040403,0.06290560484895409,0.14983457487454482,0.494949494949495,0.2118076131795647,0.11794008153600638,0.494949494949495,0.1566587963555196,0.0500578760874746,0.494949494949495,0.0816632117255028
100,10.0,poço,15,0.15170461449889078,5,3,0.5070094521849994,0.6061185861901279,2,0.171173145178421,0.3939393939393939,0.1530527080307367,0.12570525562576032,0.45454545454545453,0.11669359021933066,0.05424770867938855,0.5252525252525253,0.05842224032176344,0.15319379959606869,0.5959595959595959,0.21193758554846862,0.1155332481128475,0.5858585858585859,0.15915172987978024,0.04919390260185138,0.6161616161616161,0.0823095539158083
100,10.0,poço,16,0.15170461449889078,5,3,0.5142852000768148,0.6579107513972605,2,0.1506562139556108,0.5353535353535354,0.16165651381019208,0.1149767679215524,0.5252525252525253,0.12407353548813413,0.04601651224432892,0.5757575757575758,0.06557362572925125,0.164214419120445,0.6060606060606061,0.2171460439743986,0.1241314454774849,0.6060606060606061,0.16289819431490848,0.045675344003712946,0.6464646464646465,0.08568721619613184
100,10.0,poço,17,0.15170461449889078,5,3,0.5782773013466856,0.6902955649738318,2,0.15012925943817182,0.45454545454545453,0.17278521152227402,0.11317876004606123,0.43434343434343436,0.12776143549700414,0.0612846419500206,0.3939393939393939,0.06441294208715805,0.15124793022615587,0.5454545454545454,0.22903721900616705,0.1174827302144459,0.5151515151515151,0.16657147106297965,0.052375727308201225,0.5353535353535354,0.08520065239889714
100,10.0,poço,18,0.15170461449889078,5,3,0.5771613653170948,0.68930999668354,2,0.14915119639866223,0.47474747474747475,0.15676450912006254,0.1146227609709865,0.46464646464646464,0.11571967718320218,0.05234461335975551,0.36363636363636365,0.06347836080699885,0.1533284665647716,0.5656565656565656,0.21030851490487792,0.11594381432074366,0.5252525252525253,0.15575500772446232,0.052509530250182256,0.5454545454545454,0.08438630470775221
100,10.0,poço,19,0.15170461449889078,5,3,0.46623557674275734,0.5964954475329038,2,0.17130400887275044,0.37373737373737376,0.14528483113529242,0.12653912013301188,0.37373737373737376,0.10932228705147137,0.05263324532093471,0.40404040404040403,0.06442556640359645,0.17816189398074064,0.5252525252525253,0.21490025398110438,0.13328521477558278,0.494949494949495,0.15927220219276397,0.0494294098239098,0.5858585858585859,0.08314514291803114
200,2.0,poço,0,0.15170461449889078,5,2,0.5159569011627079,0.7419612986474806,1,0.15549111386895198,0.7171717171717171,0.3110704250635517,0.12005006171173219,0.6666666666666666,0.23338309652142367,0.05334520131078778,0.7070707070707071,0.11818028578941984,0.16307235544265625,0.8181818181818182,0.4420893219604724,0.12356293213165473,0.7878787878787878,0.33152186694602925,0.05280349840711074,0.7878787878787878,0.14836935767676407
200,2.0,poço,1,0.15170461449889078,5,2,0.4605825637219026,0.6578584520350307,1,0.1623754299922851,0.7171717171717171,0.31161354809789354,0.12446496807658716,0.7171717171717171,0.23370479135527225,0.04848178833808595,0.7676767676767676,0.11634988847388955,0.16147570204496484,0.7878787878787878,0.4451902857713264,0.12491188039382892,0.8181818181818182,0.33849545243234364,0.04980118580625676,0.8181818181818182,0.14824585047335104
200,2.0,poço,2,0.15170461449889078,5,2,0.5142334312306371,0.7570300977152371,1,0.15495596552424473,0.7272727272727273,0.30450335744992496,0.11786646922184339,0.7373737373737373,0.23184658503516944,0.04719029907768236,0.7575757575757576,0.11286455459278194,0.16145783773491848,0.8484848484848485,0.4337565775360416,0.1236670223121419,0.8282828282828283,0.32898366522611866,0.050703251540831024,0.8282828282828283,0.14791705365901006
200,2.0,poço,3,0.15170461449889078,5,2,0.5266921136264947,0.7476987147185497,1,0.16208753240879986,0.7575757575757576,0.31333806907505884,0.12277084586345491,0.7070707070707071,0.23157464220322313,0.05087045756684648,0.7373737373737373,0.12049707838704918,0.15740498610525383,0.8686868686868687,0.4355379680870465,0.12036285032274487,0.8484848484848485,0.3263020654583546,0.05205285519493427,0.8080808080808081,0.1501026147366662
200,2.0,poço,4,0.15170461449889078,5,2,0.5171765995589596,0.7162788963616298,1,0.15608291497376187,0.7373737373737373,0.3111321109105735,0.12057930953749914,0.7272727272727273,0.23846253732856432,0.04788411162823328,0.7777777777777778,0.11652085381181547,0.15471551047839915,0.8686868686868687,0.43419925822697186,0.11974229790779771,0.8383838383838383,0.3332226760280393,0.04940058919920488,0.8686868686868687,0.14705734813493077
200,2.0,poço,5,0.15170461449889078,5,2,0.4844756749872777,0.732391399542679,1,0.16445769905613597,0.6666666666666666,0.31800315415521957,0.1273366267140342,0.6868686868686869,0.23849055581262624,0.05020117131967273,0.7878787878787878,0.1162603947430321,0.16407477547746832,0.8181818181818182,0.4481473437910668,0.12708071611692603,0.8080808080808081,0.338714509454614,0.0511988744226514,0.8484848484848485,0.15146538814598712
200,2.0,poço,6,0.15170461449889078,5,2,0.5207539026896001,0.7415686836451622,1,0.1586576147791872,0.7373737373737373,0.3162033892256364,0.12108566644558559,0.7373737373737373,0.23576280613756875,0.04937103645189816,0.7474747474747475,0.11948033408629453,0.16670709381944568,0.8282828282828283,0.44456980557176584,0.12837251729193597,0.8181818181818182,0.3375069794372037,0.04854778879746877,0.8484848484848485,0.14980389708185782
200,2.0,poço,7,0.15170461449889078,5,2,0.44519353139857093,0.667247913280342,1,0.16318835282503028,0.7171717171717171,0.3246551758661296,0.12220026436898694,0.7070707070707071,0.24606315490607134,0.05439127856180411,0.6565656565656566,0.12015343049728736,0.16057398621213412,0.8282828282828283,0.44594725615385805,0.12289810040430457,0.8181818181818182,0.3424581690602315,0.05193223301298778,0.8383838383838383,0.15266807997923934
200,2.0,poço,8,0.15170461449889078,5,2,0.5357081675913553,0.8135491464309548,1,0.1642761726895552,0.7171717171717171,0.3186910161505816,0.1257796997731224,0.7171717171717171,0.24042691971269303,0.04823101953323092,0.7070707070707071,0.117818557365312,0.15876450745765733,0.8282828282828283,0.4495129264464769,0.12118287288479561,0.8383838383838383,0.34001419877105693,0.052848731671979836,0.8383838383838383,0.1522984480539313
200,2.0,poço,9,0.15170461449889078,5,2,0.51281784981728,0.7502337256647419,1,0.1672951182424001,0.7070707070707071,0.3183131413796248,0.1279643812324309,0.7171717171717171,0.23894805755295687,0.052378092556842726,0.7373737373737373,0.11918985972257888,0.16669799236051622,0.8080808080808081,0.4506801764922498,0.12677311155724313,0.7878787878787878,0.33833104020861354,0.052211161812668105,0.797979797979798,0.1516827815873742
200,2.0,poço,10,0.15170461449889078,5,2,0.4796689104280571,0.7014231620465076,1,0.1554529401745119,0.7373737373737373,0.31418336730435825,0.12088910111970064,0.7171717171717171,0.2354107540748423,0.04843916602797358,0.8484848484848485,0.12236607871936239,0.15701357151176382,0.8787878787878788,0.45747384682680786,0.12204340909017138,0.8686868686868687,0.3469317555561423,0.05045181482031212,0.8585858585858586,0.15150321516293688
200,2.0,poço,11,0.15170461449889078,5,2,0.41687364624357587,0.6377632940909289,1,0.16724224290235318,0.7272727272727273,0.3226721522324292,0.12967086385857446,0.696969696969697,0.24183942160437166,0.05446348949609604,0.6565656565656566,0.1150540591762561,0.16403864307525534,0.8181818181818182,0.4525696859603062,0.1294922611305766,0.797979797979798,0.3446510267530233,0.050611745641577284,0.8282828282828283,0.14627369323804354
200,2.0,poço,12,0.15170461449889078,5,2,0.4518999509982852,0.6605819143612407,1,0.15287297830567811,0.7373737373737373,0.31929208468947645,0.11887455968897954,0.7070707070707071,0.2397831533883053,0.04561208372156801,0.7777777777777778,0.11908164399727757,0.16231598536913253,0.8585858585858586,0.450048501819367,0.1256650555105819,0.8181818181818182,0.3418000756884921,0.050847822695131474,0.8585858585858586,0.14867983961459
200,2.0,poço,13,0.15170461449889078,5,2,0.5851262729653118,0.8538492395150805,1,0.15894786358822152,0.6767676767676768,0.3157333530290634,0.12608464283091986,0.6565656565656566,0.24019927505346436,0.04864573862857168,0.8080808080808081,0.11811909686832064,0.1701668684195108,0.7878787878787878,0.43974107846702437,0.13169265588472553,0.7878787878787878,0.33649899852049325,0.05290071111983377,0.7878787878787878,0.1482082412354356
200,2.0,poço,14,0.15170461449889078,5,2,0.4848842434239759,0.7150614015368882,1,0.1472733135906833,0.7373737373737373,0.2989556857894103,0.11168659321605524,0.7474747474747475,0.22688600714849033,0.059457367731544336,0.7272727272727273,0.11701369427016796,0.14927027574662424,0.8888888888888888,0.4286148959476823,0.11576066142905236,0.8484848484848485,0.32781242478097605,0.05121606833927747,0.8080808080808081,0.148377527513644
200,2.0,poço,15,0.15170461449889078,5,2,0.4945408795424224,0.7505217734660977,1,0.1635204528935204,0.696969696969697,0.3117272605241062,0.12660932598991015,0.696969696969697,0.2342651006236319,0.05430562107055375,0.7373737373737373,0.11672143769732335,0.16532641319511351,0.797979797979798,0.43699152417997317,0.12547726260245287,0.8080808080808081,0.33335427186155747,0.05520419067928469,0.8080808080808081,0.1499605559662118
200,2.0,poço,16,0.15170461449889078,5,2,0.4980630767224998,0.7146917614483236,1,0.16987666573671084,0.7373737373737373,0.3028566503635807,0.130879738851907,0.7171717171717171,0.22764604597869417,0.04757417481656813,0.7272727272727273,0.11144119936139076,0.16721843118531451,0.8080808080808081,0.43589205882566084,0.1277873237819446,0.8080808080808081,0.3293358945585523,0.05137522767189317,0.797979797979798,0.14572516677031483
200,2.0,poço,17,0.15170461449889078,5,2,0.5159206970614025,0.7241435822262184,1,0.168734574796768,0.7272727272727273,0.30946586499483053,0.1264832864556881,0.7070707070707071,0.23263944707261797,0.0515482483905058,0.6666666666666666,0.11583492398015055,0.17154561570176344,0.7777777777777778,0.4405268196932966,0.1301747658972162,0.7777777777777778,0.33406050600690146,0.05096902027673329,0.8181818181818182,0.14961012137523913
200,2.0,poço,18,0.15170461449889078,5,2,0.5195440596283494,0.7587857334647452,1,0.1570628861897956,0.7272727272727273,0.31728024311310327,0.12028032882481654,0.6767676767676768,0.23700346261011113,0.05217833997182202,0.7070707070707071,0.11704415892382093,0.1542051576446811,0.8484848484848485,0.4484385041956793,0.11988074883898842,0.8181818181818182,0.3413253649273115,0.05141119822445885,0.8383838383838383,0.14965300791114136
200,2.0,poço,19,0.15170461449889078,5,2,0.4377704908259998,0.6409675583742079,1,0.16842447213845313,0.696969696969697,0.3159880727075233,0.12848628294894793,0.7171717171717171,0.2353003141849404,0.0492250511897004,0.7171717171717171,0.11868938863424319,0.15616111543167346,0.8686868686868687,0.448238070106388,0.12189946285470243,0.8585858585858586,0.33698274853563936,0.0493663460731658,0.8181818181818182,0.14609787913255895
200,5.0,poço,0,0.15170461449889078,5,3,0.5212356053029177,0.5113929806715004,2,0.14888757888422946,0.6565656565656566,0.2486003803186282,0.11424255197478128,0.5858585858585859,0.18547267568642914,0.05158515616503369,0.6767676767676768,0.09804565771376571,0.15370378850671332,0.6464646464646465,0.2495959599576813,0.11809799642487598,0.6060606060606061,0.18541861679911406,0.0484972715170759,0.7272727272727273,0.10177875913166685
200,5.0,poço,1,0.15170461449889078,5,2,0.46752571443221147,1.8901113537838665,1,0.15697886526258933,0.6565656565656566,0.25297406246852483,0.12138619275662357,0.5757575757575758,0.1871367551007101,0.04481829220139313,0.7070707070707071,0.09726005571414365,0.1594751700109065,0.797979797979798,0.44191591738309366,0.12341591484739307,0.8181818181818182,0.3365230921437996,0.04898265801332507,0.8181818181818182,0.14727147384716774
200,5.0,poço,2,0.15170461449889078,5,3,0.5177298642408772,0.5045766594558064,2,0.14919019180019416,0.6767676767676768,0.24428483952920077,0.11474506953545689,0.6565656565656566,0.18444692703687648,0.04211913815322809,0.7474747474747475,0.09369766898040925,0.14859805866756085,0.696969696969697,0.2548296006781628,0.11266730336484672,0.696969696969697,0.18870371977645858,0.0462813194139913,0.7070707070707071,0.09681148950477837
200,5.0,poço,3,0.15170461449889078,5,3,0.5261080696341801,0.5001158614288855,2,0.1553669098276197,0.6666666666666666,0.25679998228523737,0.11952267000032976,0.6363636363636364,0.18893299086843826,0.04486197118250717,0.7373737373737373,0.10121214518854717,0.14764809591109654,0.6767676767676768,0.2574285748125097,0.1130479888829292,0.6363636363636364,0.18568724204148693,0.04602664317631877,0.7575757575757576,0.10342991952733346
200,5.0,poço,4,0.15170461449889078,5,2,0.5202471077977191,1.9577467202234708,1,0.1565198006142955,0.6767676767676768,0.2553499759168267,0.11941864386087596,0.6666666666666666,0.19383074148356172,0.047152716607356794,0.696969696969697,0.09611978437995791,0.15220278513195581,0.8686868686868687,0.4306099633894631,0.11697004901056011,0.8484848484848485,0.33066541628311946,0.049122121353091686,0.8484848484848485,0.14620669910170248
200,5.0,poço,5,0.15170461449889078,5,3,0.4907895199271706,0.4834908690671587,2,0.16534335475413925,0.6060606060606061,0.25278568721945444,0.12804456698415484,0.5858585858585859,0.19021702568034093,0.04441452904341335,0.696969696969697,0.09628545997700658,0.15695523217232613,0.6666666666666666,0.2629464708949731,0.12034031524232892,0.6464646464646465,0.19588419675654328,0.0451033565014461,0.7272727272727273,0.09971501698608429
200,5.0,poço,6,0.15170461449889078,5,3,0.5165311690390294,0.5040087861570736,2,0.1480811455818508,0.7272727272727273,0.25491294752378046,0.11212954045287285,0.7070707070707071,0.18876272641436273,0.05092506509754693,0.696969696969697,0.10087084471651592,0.1407210182133763,0.6868686868686869,0.2644042325988552,0.10894669802266366,0.6868686868686869,0.19460905541564025,0.04290331862036823,0.8080808080808081,0.10484232654955236
200,5.0,poço,7,0.15170461449889078,5,2,0.4439014253974228,1.9561517801905863,1,0.16093883246649093,0.6363636363636364,0.26351689147773977,0.12011136249923267,0.6464646464646465,0.19934559137794483,0.05148734645244275,0.5757575757575758,0.09818747771928008,0.15735522617659856,0.8585858585858586,0.44231001103548606,0.12077406381798735,0.8282828282828283,0.33916824206695617,0.05013648245002341,0.8383838383838383,0.15173801463532507
200,5.0,poço,8,0.15170461449889078,5,3,0.5279211630118489,0.523298199672907,2,0.16720053530933815,0.6060606060606061,0.2584541899264057,0.12619028330091955,0.6262626262626263,0.19301242655652362,0.046783154680015364,0.7070707070707071,0.09771119775688156,0.1721582675299457,0.5757575757575758,0.25714543432717263,0.12903927491791295,0.5959595959595959,0.19275121570698844,0.05307457816584334,0.696969696969697,0.10116226032930133
200,5.0,poço,9,0.15170461449889078,5,3,0.5151664841024872,0.5057368309952454,2,0.15708666549456315,0.6464646464646465,0.258562588187327,0.11909015434512765,0.6464646464646465,0.19291209211071494,0.04710302985410545,0.6565656565656566,0.09885186646344479,0.1738618084311962,0.47474747474747475,0.2683945430795682,0.1314013498857884,0.43434343434343436,0.1929132807505838,0.05269138003856376,0.696969696969697,0.10388419876973322
200,5.0,poço,10,0.15170461449889078,5,3,0.4815840884586702,0.4656698149149985,2,0.1478937509730947,0.6262626262626263,0.2496840628632526,0.11238683731110355,0.6363636363636364,0.18597501820614634,0.04554711134647756,0.7777777777777778,0.10068174285388255,0.152678572150876,0.6161616161616161,0.271633145023583,0.11598383113756464,0.6464646464646465,0.20007366020377573,0.048938517996555374,0.7070707070707071,0.10492368405412446
200,5.0,poço,11,0.15170461449889078,5,3,0.4345196069526093,0.41697376198944147,2,0.16601458788663945,0.6161616161616161,0.2619229703460579,0.1241490581913859,0.6060606060606061,0.19449506404852251,0.05710664805550212,0.5151515151515151,0.09458540893118751,0.16711189563369294,0.5757575757575758,0.26532354300189054,0.12378332711980347,0.5959595959595959,0.19416468744727688,0.05408234776476004,0.5959595959595959,0.09853808866371623
200,5.0,poço,12,0.15170461449889078,5,2,0.4573960948029241,1.9173907345055883,1,0.14576459294245414,0.6666666666666666,0.2576031503991765,0.11297542262515659,0.6363636363636364,0.19076474208175798,0.04262326994127961,0.7373737373737373,0.10112486946796588,0.15925864800968673,0.8282828282828283,0.44634301546364963,0.12280239074318401,0.8282828282828283,0.3386426769570189,0.050697962100565826,0.8686868686868687,0.14780511664981644
200,5.0,poço,13,0.15170461449889078,5,3,0.5892945590807989,0.5829758842894908,2,0.150397174076738,0.6363636363636364,0.25023189407609014,0.11713554797559231,0.6060606060606061,0.1866116503371973,0.04462633393354974,0.7575757575757576,0.09665060167641043,0.14923811374828191,0.5959595959595959,0.2576012884923929,0.11393710645189048,0.5858585858585859,0.19240319866712632,0.047599770430457974,0.7474747474747475,0.09544789325850128
200,5.0,poço,14,0.15170461449889078,5,3,0.4894785083230068,0.4802889255940429,2,0.14499163707229126,0.6565656565656566,0.24162142431181485,0.10742934310789978,0.6363636363636364,0.1803420107348936,0.06418238091639113,0.6060606060606061,0.0978990475392058,0.14276624025178983,0.6868686868686869,0.252535679387723,0.10644949528462869,0.6363636363636364,0.1867984488675242,0.05910668383248285,0.7373737373737373,0.10004528408673989
200,5.0,poço,15,0.15170461449889078,5,3,0.4944950334394843,0.48479415850098073,2,0.15944789164993836,0.6464646464646465,0.25341529683997466,0.12391029269990735,0.6464646464646465,0.18724924694533795,0.04767653807904336,0.7272727272727273,0.09817719560265184,0.16047596369726105,0.6565656565656566,0.268904347296039,0.12519810604458215,0.6262626262626263,0.1959420496474466,0.046939844789316246,0.7373737373737373,0.1028848401428045
200,5.0,poço,16,0.15170461449889078,5,2,0.4987095008844908,1.9827797540762175,1,0.15892485657281635,0.696969696969697,0.24217142490177732,0.12175148700461111,0.6464646464646465,0.17869216510505934,0.04268702266121924,0.7777777777777778,0.09337285093899159,0.16292011622163005,0.8080808080808081,0.4315941507740369,0.12439531033126812,0.8181818181818182,0.32639778550454696,0.05072810958677446,0.7878787878787878,0.14485741100898444
200,5.0,poço,17,0.15170461449889078,5,3,0.5251138322897217,0.5032836460050263,2,0.1629696052163387,0.6565656565656566,0.24822847476381182,0.12184763550682218,0.6464646464646465,0.18543721792623505,0.046692457042316136,0.6464646464646465,0.09641946031038726,0.15833012094206836,0.6363636363636364,0.2492920312175338,0.11997840454475796,0.6161616161616161,0.18580373395850944,0.04835748371714583,0.6767676767676768,0.09814459450095456
200,5.0,poço,18,0.15170461449889078,5,3,0.5227009089033346,0.5041819310214488,2,0.14824338582383043,0.6666666666666666,0.2578865148776321,0.11259143937647961,0.6666666666666666,0.19135802846986505,0.050347555330507325,0.5656565656565656,0.09593841495732025,0.1510522362979614,0.6060606060606061,0.2521402736639113,0.11303165103686427,0.6262626262626263,0.186681118042584,0.059294833612123315,0.5353535353535354,0.10065132420380703
200,5.0,poço,19,0.15170461449889078,5,2,0.4451875463029533,1.8578878922993105,1,0.15412575937581208,0.6868686868686869,0.25489845820560014,0.11660448294942298,0.6767676767676768,0.18992086128201496,0.044553719245420335,0.696969696969697,0.09818169690460789,0.15163742198422542,0.8787878787878788,0.4444866131518587,0.11770203563986102,0.8585858585858586,0.33406538040884615,0.04827128233359029,0.8282828282828283,0.14501310670143666
200,10.0,12 camadas,0,0.11220507957050899,5,3,0.5218653968049977,0.54999632301437,2,0.07808135361679468,0.8080808080808081,0.1947368973934186,0.04973336634248563,0.797979797979798,0.12403621911745139,0.010901382176372189,0.797979797979798,0.02732114923990218,0.080694594017039,0.8181818181818182,0.21601757857008444,0.0513978618622696,0.8181818181818182,0.1375909035617002,0.011264234714674717,0.8080808080808081,0.03031695142694303
200,10.0,12 camadas,1,0.11363259998104284,5,3,0.45284547004951453,0.4875895909800881,2,0.07903300294145467,0.8585858585858586,0.21837946474597889,0.050339511183462776,0.8585858585858586,0.13909515206627768,0.011111130624311,0.8585858585858586,0.030813938138265034,0.07665321422605008,0.9191919191919192,0.262484047974311,0.048823702815469966,0.9191919191919192,0.16718752587764113,0.010782404009349109,0.9292929292929293,0.036835441667710744
200,10.0,12 camadas,2,0.14583826596975313,5,3,0.5179533687295784,0.5699169549993356,2,0.11468117130530009,0.7474747474747475,0.2339213722478032,0.07304538977446949,0.7474747474747475,0.14899435454609472,0.01615918332127468,0.7171717171717171,0.03305690993762524,0.11426145019455033,0.8181818181818182,0.28196432380745123,0.07277812397733166,0.8181818181818182,0.17959528842715364,0.016126941641189007,0.8383838383838383,0.03978074668232866
200,10.0,12 camadas,3,0.09850579448812993,5,3,0.5091398628221924,0.5403612151058479,2,0.06904496311271761,0.8383838383838383,0.18102978017969454,0.04397766644247287,0.8383838383838383,0.11530536217795734,0.009722484496245002,0.8484848484848485,0.025561446775304256,0.06465494461125951,0.8686868686868687,0.2070078579954513,0.04118145742268197,0.8686868686868687,0.13185230111683716,0.009065398917601582,0.8787878787878788,0.02918261297884849
200,10.0,12 camadas,4,0.10391028145845463,5,3,0.5188432055716355,0.5465095295370609,2,0.06942212684200555,0.8383838383838383,0.17823068268252953,0.044217922780952205,0.8383838383838383,0.11352280501655528,0.009844404982691644,0.8484848484848485,0.0252026406817784,0.07006164646449997,0.8585858585858586,0.21586627116642107,0.04462526775171897,0.8585858585858586,0.1374943516348653,0.00992611910421497,0.8787878787878788,0.030559137298881475
200,10.0,12 camadas,5,0.1255559200118882,5,3,0.4741064417443304,0.48714240526712527,2,0.08146006714499056,0.797979797979798,0.19015765006310362,0.051885399090597736,0.797979797979798,0.1211194275218439,0.011379935578528169,0.8181818181818182,0.026729490836381996,0.08056274117739609,0.8484848484848485,0.2185535633099952,0.05131383818662089,0.8484848484848485,0.13920609523434993,0.011265795262060058,0.8484848484848485,0.030636630764509325
200,10.0,12 camadas,6,0.12013844935856492,5,3,0.5051100671532365,0.5178108279001817,2,0.09226548788309286,0.7474747474747475,0.21114591056319107,0.05876775910978352,0.7474747474747475,0.13448763066375427,0.013103946225000444,0.7575757575757576,0.030023965524182693,0.08651109396019772,0.8585858585858586,0.25136170052530693,0.05510256388050699,0.8585858585858586,0.16010282761428232,0.012294571946471376,0.8484848484848485,0.03564350603211872
200,10.0,12 camadas,7,0.10232322304719983,5,3,0.4428901025603839,0.47237224594196997,2,0.09038675977709573,0.6565656565656566,0.1869083501316017,0.05757132589684596,0.6565656565656566,0.11904965887638475,0.012834173966096622,0.6464646464646465,0.026432245111550973,0.08468287238838315,0.7575757575757576,0.2103759508501836,0.05393822057864831,0.7575757575757576,0.13399739137283873,0.012001421507792777,0.7575757575757576,0.029566730662673697
200,10.0,12 camadas,8,0.08713988667481513,5,3,0.5302329991101571,0.5638129827339825,2,0.07160510241767135,0.8181818181818182,0.1879561473497564,0.04560837435389997,0.8181818181818182,0.1197171600920687,0.010072047978828432,0.8282828282828283,0.026575296904867703,0.0701110478763446,0.8585858585858586,0.20411271394343922,0.0446567617430394,0.8585858585858586,0.13000810749059497,0.009881232865716377,0.8383838383838383,0.028863231840686555
200,10.0,12 camadas,9,0.1358615926922144,5,3,0.5303905079843318,0.5558675728696318,2,0.1061635125421378,0.7171717171717171,0.22341931898138828,0.06762013190483393,0.7171717171717171,0.14230541631634386,0.01505015329270036,0.7272727272727273,0.03204527098964824,0.09434898961594576,0.8484848484848485,0.25807576684327677,0.06009495176754332,0.8484848484848485,0.16437935054794967,0.013356229756776031,0.8585858585858586,0.03706343738229064
200,10.0,12 camadas,10,0.15294855298696466,5,3,0.4765032403562359,0.4850879694536308,2,0.11359901186891821,0.7474747474747475,0.23070817186320333,0.07235611654297155,0.7474747474747475,0.14694775345517247,0.01611097971085185,0.7373737373737373,0.03265339944843681,0.1135212550626423,0.8080808080808081,0.2777770818042452,0.07230660138893963,0.8080808080808081,0.17692807646331257,0.016102698163321792,0.8181818181818182,0.039187632733572064
200,10.0,12 camadas,11,0.13343293746896712,5,3,0.41798043482905956,0.4406766701850955,2,0.09871472392080662,0.8080808080808081,0.22470777966494837,0.06287560377503808,0.8080808080808081,0.14312606600893293,0.014051929376117205,0.8080808080808081,0.03177786376948068,0.09361991879734163,0.8787878787878788,0.26486218440016984,0.05963051978913066,0.8787878787878788,0.16870209826130608,0.013329490390165689,0.8888888888888888,0.037363343788269866
200,10.0,12 camadas,12,0.10991926562705069,5,3,0.4542827795605266,0.46960598415343,2,0.0794883397542523,0.797979797979798,0.1854107611499165,0.05062955923003175,0.797979797979798,0.11809608337660227,0.011173934434342064,0.797979797979798,0.025962446241413955,0.07577408108669374,0.8484848484848485,0.21860774083231665,0.04826378888198356,0.8484848484848485,0.13924077803664853,0.010656382200787946,0.8383838383838383,0.030512488853659203
200,10.0,12 camadas,13,0.09622288290232787,5,3,0.5720475660843208,0.6030838546538819,2,0.06372880181567683,0.8282828282828283,0.1503514322424939,0.040591558277685916,0.8282828282828283,0.09576543243786259,0.008970020939573208,0.8282828282828283,0.0209680510343779,0.06767944942483808,0.8282828282828283,0.16919729256125562,0.04310791744453436,0.8282828282828283,0.10776887723078411,0.00950268297441631,0.8585858585858586,0.023610143651914866
200,10.0,12 camadas,14,0.07063653531740191,5,3,0.48526081933885423,0.5043478085283336,2,0.04769440907350643,0.8888888888888888,0.12966133973639882,0.030378555073717884,0.8888888888888888,0.08258683638263348,0.006692595501019425,0.8888888888888888,0.018044373229563336,0.0491475636552917,0.898989898989899,0.1501676261636946,0.031304122697881846,0.898989898989899,0.09564822824152137,0.006895956768798866,0.898989898989899,0.020936561857240764
200,10.0,12 camadas,15,0.09357321567527735,5,3,0.4932287807410179,0.526501835444119,2,0.07440386130559953,0.898989898989899,0.19849503166543658,0.047390967835775226,0.898989898989899,0.12643011267372412,0.010543772180657674,0.8686868686868687,0.02787467122601136,0.07498151151311552,0.898989898989899,0.2233818803002083,0.04775892485701177,0.898989898989899,0.14228122473555482,0.010620635601364137,0.898989898989899,0.031237379382491215
200,10.0,12 camadas,16,0.09382313471366766,5,3,0.4967999327050381,0.512183849792008,2,0.0749824746388688,0.8080808080808081,0.17006690859217563,0.047759525490057464,0.8080808080808081,0.10832271487435469,0.010526573088051801,0.8181818181818182,0.024089405844282437,0.07560414460472403,0.8585858585858586,0.18304511503568724,0.048155467970417365,0.8585858585858586,0.11658925666632515,0.010621781747608054,0.8484848484848485,0.025916324645073662
200,10.0,12 camadas,17,0.09867676241035707,5,3,0.4980788326094385,0.5237785524740735,2,0.07149197001049941,0.8484848484848485,0.17702173918808145,0.04553620353790415,0.8484848484848485,0.11275263300111736,0.010077192549694828,0.8484848484848485,0.024905651659087934,0.06565801805883122,0.8888888888888888,0.19873117913276725,0.04182034411895172,0.8888888888888888,0.1265805561015816,0.009265034769340536,0.8888888888888888,0.02804301286515768
200,10.0,12 camadas,18,0.0890336950678873,5,3,0.5124526178612612,0.5415808405531459,2,0.08784209311444667,0.6464646464646465,0.17964259410027647,0.05595034559778964,0.6464646464646465,0.11442205419708802,0.012635661487288119,0.6464646464646465,0.02573655627871203,0.08425054122568724,0.7777777777777778,0.20281504951729984,0.05366269453208101,0.7777777777777778,0.12918146092523988,0.012097792550537556,0.7878787878787878,0.029063579236235322
200,10.0,12 camadas,19,0.12117697964325373,5,3,0.44684863731772106,0.464541396127325,2,0.09567886077939604,0.6565656565656566,0.1830454888556284,0.060942047950352865,0.6565656565656566,0.11658933423608298,0.013583293762145711,0.6464646464646465,0.026202084234451344,0.1005494782852753,0.6767676767676768,0.20279894927428643,0.06404437161599633,0.6767676767676768,0.1291712474697232,0.014288099161268242,0.6767676767676768,0.029088383973552377
200,10.0,6 camadas,0,0.05956434885406182,5,3,0.5116146119714785,0.5464417997304118,2,0.03883399299830414,0.9292929292929293,0.1270172878095994,0.02473503987088533,0.9292929292929293,0.0809027388496738,0.005546658376298102,0.9292929292929293,0.018130686511343194,0.039080799178871695,0.9191919191919192,0.1419393692803647,0.02489223411506099,0.9191919191919192,0.0904068810055468,0.005576794267243088,0.9191919191919192,0.020290953218703906
200,10.0,6 camadas,1,0.088817806536567,5,3,0.4542409902138808,0.5012677325513105,2,0.06737057190942573,0.898989898989899,0.18087250518314457,0.042911209619242316,0.898989898989899,0.11520551990237002,0.009627409586609586,0.898989898989899,0.02585284849476157,0.06488259690469891,0.9191919191919192,0.21051750341268152,0.04132652075330617,0.9191919191919192,0.13408765071945478,0.00925799138063398,0.9191919191919192,0.03018419857242495
200,10.0,6 camadas,2,0.07151028353320407,5,3,0.5175732104272005,0.5684328988947065,2,0.06174990224867076,0.8181818181818182,0.15120063627078614,0.039331013322768456,0.8181818181818182,0.09630599177294451,0.008773194212972488,0.8080808080808081,0.021365121790858883,0.06159440866093543,0.8888888888888888,0.17414676797037212,0.03923203252712835,0.8888888888888888,0.11092152937310266,0.008760114429268882,0.8787878787878788,0.024689400987732726
200,10.0,6 camadas,3,0.05101156144399453,5,3,0.5063965182665728,0.560463798184329,2,0.03759313749399417,0.9292929292929293,0.13572532901116696,0.02394463508972386,0.9292929292929293,0.08644911247543416,0.005189067358510214,0.9292929292929293,0.01847473644407834,0.03867904748931677,0.9393939393939394,0.15313197109032767,0.024636243632564184,0.9393939393939394,0.09753587210446818,0.005328244197110909,0.9393939393939394,0.020834850286109406
200,10.0,6 camadas,4,0.07985085551796789,5,3,0.5126906630857744,0.5267675483786923,2,0.05568925415539463,0.8282828282828283,0.1350814512084353,0.03547088970971272,0.8282828282828283,0.08603919389235591,0.007921117120993073,0.8282828282828283,0.01928665802554976,0.0580809499328391,0.8383838383838383,0.15681044672683286,0.03699426156681597,0.8383838383838383,0.09987954880551803,0.008265552167869719,0.8282828282828283,0.02234839428580148
200,10.0,6 camadas,5,0.07987270413212073,5,3,0.4723359482155586,0.5502954954467466,2,0.059302318024537407,0.9494949494949495,0.22858576494017502,0.03777218939849534,0.9494949494949495,0.14559610669466314,0.008314874941332043,0.9494949494949495,0.03212367504698976,0.054831712644790524,0.9595959595959596,0.2557699205070578,0.03492466907356527,0.9595959595959596,0.16291069282606468,0.00768013937089175,0.9595959595959596,0.03605153855794945
200,10.0,6 camadas,6,0.06796791289494448,5,3,0.5065903501456184,0.5414650900032696,2,0.04656318293005454,0.9292929292929293,0.14708667765136502,0.02965805161915662,0.9292929292929293,0.09368565806924366,0.006541479263367207,0.9292929292929293,0.02073628032330669,0.04563842200560744,0.9393939393939394,0.17823248596564376,0.029069020455635534,0.9393939393939394,0.11352355828863919,0.0064078419478682145,0.9393939393939394,0.025120668020511286
200,10.0,6 camadas,7,0.062184987721178094,5,3,0.44212945148563076,0.6082081951685577,2,0.09805529676167592,0.5757575757575758,0.19227529641314287,0.062455606943537856,0.5757575757575758,0.122468375681181,0.013667662665568492,0.5858585858585859,0.02681478808145732,0.05908281233335378,0.9494949494949495,0.24173880540051035,0.037632358378279135,0.9494949494949495,0.15397355995516354,0.008244912626969794,0.9393939393939394,0.03370268227871056
200,10.0,6 camadas,8,0.054765055485385225,5,3,0.5306415850873276,1.4108267464978874,2,0.03902765001312801,0.9595959595959596,0.26454062568732406,0.024858373154425968,0.9595959595959596,0.1684971502418769,0.005558829739300009,0.9696969696969697,0.037152308115003405,0.0387179870634974,0.98989898989899,0.3167724040475588,0.024661148641255713,0.98989898989899,0.20176577343809493,0.005535983116517002,0.98989898989899,0.04469896996267482
200,10.0,6 camadas,9,0.06419328727009926,5,3,0.5255497717527595,0.6510039472595035,2,0.03929666599730925,0.9595959595959596,0.19710241861837366,0.025029733184033804,0.9595959595959596,0.12554292902066058,0.005588489317867622,0.9595959595959596,0.028442528701570935,0.04087146320317093,0.9595959595959596,0.24047512121928236,0.02603278297254901,0.9595959595959596,0.15316894651888255,0.005807906279830729,0.9595959595959596,0.034447536704987215
200,10.0,6 camadas,10,0.05302402336139493,5,3,0.4625565437833682,0.649621654465229,2,0.11636590860415466,0.40404040404040403,0.20530703116740096,0.0741183276495973,0.40404040404040403,0.13076855369957857,0.016478362801029472,0.40404040404040403,0.029171906299773825,0.0460043548024545,0.9696969696969697,0.2640217156293257,0.029302133535825295,0.9696969696969697,0.16816685799742948,0.006517256553293137,0.9696969696969697,0.03753860321044152
200,10.0,6 camadas,11,0.05356597567074639,5,3,0.4200898943409983,0.7425362611070889,2,0.043455341748183655,0.9595959595959596,0.23969338231683668,0.027678527915365302,0.9595959595959596,0.15267091314630407,0.006052729706122483,0.9595959595959596,0.03357483237036196,0.03981127366487548,0.98989898989899,0.32713860943372763,0.02535749455899881,0.98989898989899,0.20836866137985952,0.005533957023350462,0.98989898989899,0.04570809087120006
200,10.0,6 camadas,12,0.08947848584284349,5,3,0.45640421488847244,0.47393137995255574,2,0.05452595660319786,0.9191919191919192,0.17134618388298342,0.03472995678245875,0.9191919191919192,0.10913765842194312,0.007635831626887001,0.9191919191919192,0.02387902477156984,0.05461723688502468,0.9191919191919192,0.19596385719887735,0.03478802767736058,0.9191919191919192,0.12481784163892774,0.0076393878533636455,0.9191919191919192,0.02715858102508042
200,10.0,6 camadas,13,0.054633429508615244,5,3,0.565157144547049,0.6004917658043931,2,0.04145485514989086,0.9292929292929293,0.125044768501589,0.026404384379073612,0.9292929292929293,0.07964612247826815,0.005854755763582039,0.9292929292929293,0.01774462293081191,0.0379000656896882,0.9393939393939394,0.14024274774271536,0.0241401966078863,0.9393939393939394,0.08932678838628505,0.005346805453741233,0.9393939393939394,0.019879380833808795
200,10.0,6 camadas,14,0.07226464501943618,5,3,0.48283977851072396,0.5412089909241821,2,0.04851924609778526,0.898989898989899,0.1686001596472462,0.030903913128114392,0.898989898989899,0.10738857994818064,0.006737456462916287,0.9090909090909091,0.023182304006011362,0.05119061671734069,0.9090909090909091,0.20937424602092355,0.03260546293054361,0.9090909090909091,0.13335952637537243,0.007096344870866455,0.9090909090909091,0.028940728268123276
200,10.0,6 camadas,15,0.04821669818665973,5,3,0.4929636261325506,0.5349331031421368,2,0.03052988012218269,0.9393939393939394,0.1302786133738564,0.01944578377555904,0.9393939393939394,0.08297980954260198,0.004357638137492926,0.9393939393939394,0.018783649251550398,0.031456492839683554,0.9494949494949495,0.14449123273298828,0.020035978901945303,0.9494949494949495,0.09203256912646608,0.004495127625515352,0.9393939393939394,0.020830015056844398
200,10.0,6 camadas,16,0.05250643923796558,5,3,0.4906558068027488,0.5596326265051402,2,0.036815946163631895,0.9292929292929293,0.12649558091285693,0.02344963369862678,0.9292929292929293,0.08057039127298861,0.005039328576009537,0.9292929292929293,0.017369108136368966,0.03947578438184681,0.9292929292929293,0.1400561312980365,0.025143793538819233,0.9292929292929293,0.08920770613710267,0.005410402027840677,0.9292929292929293,0.019258987562233314
200,10.0,6 camadas,17,0.059209940479843834,5,3,0.49639195142329573,0.5866887296342082,2,0.05398243900010571,0.9494949494949495,0.1573468295515931,0.03438361303560178,0.9494949494949495,0.10022109034593096,0.00783916049378674,0.9494949494949495,0.022795401313197024,0.04210606026728965,0.9494949494949495,0.1783998497890853,0.026819095589705324,0.9494949494949495,0.11363042518244924,0.006107852526371852,0.9494949494949495,0.025872426611648788
200,10.0,6 camadas,18,0.05116773038660004,5,3,0.514959849186756,0.5598429889138706,2,0.04796757401052426,0.797979797979798,0.1247109740254469,0.030552566766353362,0.797979797979798,0.07943365662867867,0.006754897180823395,0.7878787878787878,0.017500042880868365,0.04187037975426906,0.9191919191919192,0.13792861032161507,0.026669002261285372,0.9191919191919192,0.08785255210848986,0.005899601586726795,0.9191919191919192,0.01938861697101466
200,10.0,6 camadas,19,0.08523326807437205,5,3,0.4442515951377268,0.4699287088572063,2,0.07739154794622491,0.7272727272727273,0.16473286747165425,0.04929403447356681,0.7272727272727273,0.10492524356795718,0.011019179322379169,0.7070707070707071,0.023391295647728513,0.0778097464727458,0.7676767676767676,0.1834961234695363,0.049560361752182765,0.7676767676767676,0.11687642696213317,0.011064229139526321,0.7676767676767676,0.026077033448328336
200,10.0,poço,0,0.15170461449889078,5,3,0.5298854294203705,0.6751235177518958,2,0.14511890110173484,0.5959595959595959,0.20428930240467907,0.10974096677621777,0.5959595959595959,0.15244352611783424,0.047302888885725744,0.6868686868686869,0.08349748920368223,0.152559944516583,0.6666666666666666,0.24496544246832713,0.11682579717450049,0.6262626262626263,0.1814675606460292,0.04599508459941305,0.7171717171717171,0.09984802482600923
200,10.0,poço,1,0.15170461449889078,5,3,0.4802478361786088,0.5856252490039323,2,0.14968885474950347,0.5656565656565656,0.20493417182810897,0.1154607081989487,0.5252525252525253,0.15134991556968508,0.0445009167474974,0.6262626262626263,0.08210216434183228,0.1480679036287852,0.6363636363636364,0.25864050375546904,0.11516148658888548,0.6363636363636364,0.19207461572524118,0.04472657746439338,0.7373737373737373,0.09709637208037733
200,10.0,poço,2,0.15170461449889078,5,3,0.5227679943276673,0.667567882183704,2,0.15004516234453913,0.6464646464646465,0.19803311430962725,0.1162341052861608,0.6060606060606061,0.14867248515873313,0.04051221862796726,0.7070707070707071,0.07954376278591278,0.14717205299151692,0.6767676767676768,0.25006777722039186,0.11144804716392973,0.6767676767676768,0.18511186174480465,0.044013297535620895,0.7676767676767676,0.0952135970970702
200,10.0,poço,3,0.15170461449889078,5,3,0.5323143119017901,0.6375807418692804,2,0.14545529625186548,0.5959595959595959,0.2143603569215637,0.11145052983315354,0.5858585858585859,0.1572625928991938,0.04050156180899835,0.7171717171717171,0.08646850168833384,0.1449145207177132,0.6868686868686869,0.2527016026221862,0.11058426953591184,0.6464646464646465,0.18223420994338294,0.04306274337798205,0.7777777777777778,0.10153452466408373
200,10.0,poço,4,0.15170461449889078,5,3,0.520112913443287,0.6361488893522812,2,0.15787062702979393,0.5656565656565656,0.2144129414124601,0.12042352781880784,0.5353535353535354,0.16075878603995833,0.04596523486745667,0.6666666666666666,0.08165373004792867,0.15768519332450565,0.6868686868686869,0.2489135707459956,0.11873754480510765,0.6464646464646465,0.18581661437315272,0.047698162350808676,0.7272727272727273,0.09661412019887478
200,10.0,poço,5,0.15170461449889078,5,3,0.4979457967658643,0.6576184206551826,2,0.1602806746322011,0.5454545454545454,0.20706690548851714,0.12402727584988947,0.5555555555555556,0.15490726415428444,0.0427266716104378,0.6565656565656566,0.08213463716304194,0.15545660104629452,0.7171717171717171,0.2580708631184463,0.118815343923701,0.6868686868686869,0.1922371002239537,0.04464325359278555,0.7272727272727273,0.09832755720244996
200,10.0,poço,6,0.15170461449889078,5,3,0.5145522658598771,0.6557015580512677,2,0.1402121662703725,0.6565656565656566,0.20933815794962785,0.10486104927080432,0.6666666666666666,0.15456291390836993,0.05546650157184423,0.5858585858585859,0.08420824186670706,0.13901806087528315,0.6767676767676768,0.25926053604512217,0.1063749928364662,0.6767676767676768,0.1905025516793952,0.04118562418488755,0.8080808080808081,0.10304050666777834
200,10.0,poço,7,0.15170461449889078,5,3,0.4465704146977414,0.5679375312203709,2,0.15022833303433192,0.5959595959595959,0.21335525784019918,0.1137129505145997,0.5959595959595959,0.16305125035826395,0.04701357029545403,0.5555555555555556,0.08343824557022256,0.15370150029662177,0.696969696969697,0.2552302720797267,0.11858464950426999,0.6565656565656566,0.19080663627025313,0.045308699290558786,0.7373737373737373,0.10389616426055107
200,10.0,poço,8,0.15170461449889078,5,3,0.5339698518748017,0.6906641067962371,2,0.16385031751732967,0.5252525252525253,0.21161788995488856,0.12177765935698542,0.5454545454545454,0.157817995053885,0.04580845078435925,0.6363636363636364,0.08238785731168619,0.15386650727163861,0.6464646464646465,0.2523757729471481,0.11593912808450502,0.6161616161616161,0.18873472386753987,0.05019396701119776,0.696969696969697,0.09954754205731171
200,10.0,poço,9,0.15170461449889078,5,3,0.5234511227675783,0.6580385936795939,2,0.15437385277340684,0.5252525252525253,0.21158332459319334,0.11521799208825052,0.5555555555555556,0.15664542630483919,0.04801327780938732,0.6464646464646465,0.08266061391905713,0.1621354186852971,0.5757575757575758,0.2630400655702123,0.12130921258104868,0.5555555555555556,0.18962513238083753,0.049982689086468225,0.7272727272727273,0.10197491711051135
200,10.0,poço,10,0.15170461449889078,5,3,0.482140095903133,0.6109216281855957,2,0.14131090061184662,0.5858585858585859,0.20265103354840164,0.10809153068378304,0.5757575757575758,0.15111243179554798,0.04127333268769154,0.7272727272727273,0.08451072424232753,0.1505391187032824,0.6868686868686869,0.2684540705788387,0.11422785515662753,0.6565656565656566,0.19739571079130072,0.04564848232313158,0.7373737373737373,0.10373650477187557
200,10.0,poço,11,0.15170461449889078,5,3,0.451846097864809,0.5879563497086386,2,0.1577633840938598,0.5151515151515151,0.21513036452839518,0.11758118726657651,0.5353535353535354,0.16110919513887384,0.0540392086427264,0.48484848484848486,0.08037316267951153,0.1564958785651157,0.6464646464646465,0.2618887314261578,0.11695678800352353,0.6363636363636364,0.19131506103593557,0.049888625916708514,0.6464646464646465,0.09742152178199816
200,10.0,poço,12,0.15170461449889078,5,3,0.46678352719947935,0.5792552642767386,2,0.14042447200813196,0.6161616161616161,0.21181738330008956,0.10794324366753666,0.5959595959595959,0.1560060875521335,0.041778399852925883,0.7272727272727273,0.08628026296608213,0.14659243449106965,0.6666666666666666,0.2544982343122691,0.11328851110702802,0.6666666666666666,0.18773595705654506,0.045045804236185906,0.7171717171717171,0.0998653364388948
200,10.0,poço,13,0.15170461449889078,5,3,0.5988277284112412,0.7645933932718325,2,0.14792093691394403,0.5252525252525253,0.20282990776660395,0.11282642507493795,0.5151515151515151,0.1517614995800616,0.04502733917805359,0.6666666666666666,0.08183848104331262,0.14897094754016488,0.6262626262626263,0.2515824127259051,0.11286093681954168,0.5757575757575758,0.18778932168433757,0.04726837738971375,0.7676767676767676,0.093971193984475
200,10.0,poço,14,0.15170461449889078,5,3,0.4974777720935052,0.6417888987084808,2,0.1420966059575141,0.6262626262626263,0.20195561219265565,0.10355523768260087,0.6060606060606061,0.148671954314732,0.06733761193973453,0.4444444444444444,0.08344361919983717,0.1397111310563921,0.696969696969697,0.24853098243333707,0.10505938331639035,0.6464646464646465,0.18393054698023523,0.05462670897628073,0.7272727272727273,0.09836068332916037
200,10.0,poço,15,0.15170461449889078,5,3,0.5035605431727138,0.648941673008188,2,0.15427486302825524,0.6060606060606061,0.2112887467451716,0.11869765466245803,0.5858585858585859,0.1544346734229092,0.04403765338124801,0.6666666666666666,0.08379997678981431,0.1556811186154826,0.6464646464646465,0.2654649057925117,0.11933194005333748,0.6363636363636364,0.19316433131818408,0.04583902634011271,0.7575757575757576,0.10111549437045748
200,10.0,poço,16,0.15170461449889078,5,3,0.5079341517837042,0.6272401494454678,2,0.15186526801623496,0.5858585858585859,0.20457373698584025,0.11729116812432226,0.5252525252525253,0.15101172928077802,0.03985579578996714,0.7272727272727273,0.0802533629024244,0.15548577334296676,0.6060606060606061,0.2335684020755216,0.11758465000293433,0.5959595959595959,0.17262690055522634,0.043241494039099486,0.6868686868686869,0.09160794806045532
200,10.0,poço,17,0.15170461449889078,5,3,0.5361313614541173,0.6489761905208669,2,0.1581985328594057,0.5858585858585859,0.20619967299346148,0.11796107708178342,0.5454545454545454,0.15325087094598647,0.04518039890297746,0.6464646464646465,0.08398959026570099,0.15299580941896088,0.6464646464646465,0.2443388156317286,0.1154114007930233,0.6565656565656566,0.18177580949772307,0.047300862730795194,0.7070707070707071,0.09651185199366276
200,10.0,poço,18,0.15170461449889078,5,3,0.5309155921695151,0.658312002080666,2,0.14122264925638084,0.5858585858585859,0.2103093631002125,0.10764466444678852,0.5656565656565656,0.15627876046107744,0.04901589837590424,0.5353535353535354,0.08188325099660276,0.14552647536026928,0.6262626262626263,0.24681410927031117,0.11133766512823935,0.6464646464646465,0.1826354813363887,0.05186587112244986,0.5656565656565656,0.09876506545277183
200,10.0,poço,19,0.15170461449889078,5,3,0.45957948677562843,0.5661377229908658,2,0.14836017993160147,0.6060606060606061,0.20897902324577777,0.11208390873664899,0.6161616161616161,0.15500080184235016,0.04388670831353333,0.6464646464646465,0.08236964540822621,0.14819764224043125,0.6464646464646465,0.25139258021606203,0.11171804884492241,0.6363636363636364,0.18551312612571974,0.04493143769035133,0.7373737373737373,0.09446069037151653
200,10.0,suavizado,0,0.020694751260885786,5,3,0.5112118138842098,0.5472853279992743,2,0.01098929831415564,1.0,0.11633395481637653,0.0069995658385848605,1.0,0.07409793920730308,0.0016200268567338027,1.0,0.016666676222885157,0.008554837567159497,1.0,0.13063844252519205,0.005448933161112546,1.0,0.08320884416989387,0.0012640452942317452,1.0,0.01871232792632221
200,10.0,suavizado,1,0.030537168668296474,5,3,0.4485601443615559,0.49603627649240595,2,0.04199334541555273,1.0,0.16283572145500788,0.026747353667529686,1.0,0.10371694486919182,0.005914611191644033,1.0,0.023437985812745327,0.03418913329890925,1.0,0.18917942015499453,0.021776548584418708,1.0,0.12049629842214936,0.004795475390380134,1.0,0.027229539238589732
200,10.0,suavizado,2,0.02566307705083284,5,3,0.5114754949171325,0.5617812442816049,2,0.03667441433206612,1.0,0.1425416016874011,0.023359452675172386,1.0,0.09079064103086643,0.005205417774355465,0.98989898989899,0.020169390144494315,0.03288612572116475,1.0,0.16301305606560756,0.020946546381883705,1.0,0.10382991263023403,0.004673992444250921,1.0,0.02314059605174111
200,10.0,suavizado,3,0.01646783105061758,5,3,0.5058072721519236,0.5634602881099705,2,0.01726332856059403,1.0,0.12807630303267664,0.010995718078083716,1.0,0.08157734409763193,0.002361087721926271,1.0,0.017360898239734517,0.017889132835030307,1.0,0.14490974741592627,0.011394298723714278,1.0,0.0922988851841908,0.002440448211778771,1.0,0.01964205884322636
200,10.0,suavizado,4,0.026525360949779295,5,3,0.5116617529723755,0.5225915393408673,2,0.015694245891802423,1.0,0.11869349129593335,0.009996387920993357,1.0,0.07560114883987147,0.0022500167623125218,1.0,0.016936896745929398,0.018968586979385187,1.0,0.13472103637001656,0.012081950030837599,1.0,0.0858095333691654,0.002719924690421468,1.0,0.019247917861324872
200,10.0,suavizado,5,0.029885154479339232,5,3,0.47145620654229986,0.5604368950605517,2,0.03242622990793291,1.0,0.21849809454541402,0.02065366744747127,1.0,0.13917096049407496,0.004584164118664199,1.0,0.03081081800168326,0.017285740049717203,1.0,0.24619860650923198,0.011010027364450175,1.0,0.1568142464503415,0.0024560554018461353,1.0,0.03470950883523479
200,10.0,suavizado,6,0.024561736060824884,5,3,0.5066000417861661,0.5366532825689447,2,0.017528390272327818,1.0,0.13895438835881269,0.011164529804945299,1.0,0.08850606483180028,0.00247434624209673,1.0,0.01961879733826654,0.01774367981783336,1.0,0.16728395336656782,0.011301681205813902,1.0,0.10655029969723104,0.0025099475316207546,1.0,0.023603841249128836
200,10.0,suavizado,7,0.02408369577431615,5,3,0.4371239179847859,0.6131554288727393,2,0.07026123767316973,0.8484848484848485,0.18844736642791315,0.04475239014280204,0.8484848484848485,0.1200300475003442,0.009761579990542493,0.8282828282828283,0.026234278132633994,0.034322262133969494,1.0,0.235868170361484,0.02186130549175459,1.0,0.15023439909700148,0.004758053434859657,1.0,0.03286289026113949
200,10.0,suavizado,8,0.0179492718972197,5,3,0.5306732010299378,1.7028899534866686,2,0.022870757156449706,1.0,0.2540664484948841,0.014567332394973294,1.0,0.16182572994973757,0.0032298710782450207,1.0,0.0356705713156963,0.017390572645329918,1.0,0.31331151979396027,0.011076781377690439,1.0,0.1995615236841405,0.0024729873368548073,1.0,0.04419027874771423
200,10.0,suavizado,9,0.02280661843366411,5,3,0.5205087694807853,0.6763538719242144,2,0.010164284793642621,1.0,0.1879177588897466,0.00647406204845624,1.0,0.11969294755968818,0.0014562115699900484,1.0,0.027110281870442114,0.00873211208236584,1.0,0.2325779424705295,0.005561868237232562,1.0,0.14813876608389623,0.0012558918030581422,1.0,0.03337668441517649
200,10.0,suavizado,10,0.016341180555001972,5,3,0.46186744003352004,0.67664293522424,2,0.10220983068669494,0.5656565656565656,0.19809587759608588,0.06510177383629619,0.5656565656565656,0.12617540184133852,0.014466485303323342,0.5656565656565656,0.02812230182484658,0.02361542256593807,1.0,0.257506738547842,0.015041720283401939,1.0,0.16401694220996682,0.0033360879768339043,1.0,0.03655442765678941
200,10.0,suavizado,11,0.01826883679741959,5,3,0.41762485472205857,0.7899815939681811,2,0.03276302061072765,1.0,0.2342831843833752,0.02086812294145852,1.0,0.14922485657071113,0.004588896461842694,1.0,0.032865312329371496,0.022535045571928806,1.0,0.3230110926966804,0.014353507568912096,1.0,0.20573990250219598,0.003152581758119097,1.0,0.04517124647018075
200,10.0,suavizado,12,0.03114949713085047,5,3,0.45573536715811597,0.47308680105604684,2,0.00930528248220598,1.0,0.15428057390057714,0.005926925259507119,1.0,0.09826781356194375,0.0013621929828185185,1.0,0.021246675706439715,0.009433830825107741,1.0,0.1736152476861476,0.006008738763243027,1.0,0.11058311918209356,0.001364018523688853,1.0,0.023885542254421455
200,10.0,suavizado,13,0.01981574849273058,5,3,0.5643814129749593,0.6025195524343936,2,0.021112984872940308,1.0,0.11576022282884724,0.013447849073910015,1.0,0.0737327154117894,0.002993575806473566,1.0,0.016451344123285184,0.018994767845291166,1.0,0.13017386446216722,0.012098656501022017,1.0,0.08291360279598521,0.0026903257311445233,1.0,0.018500145396732642
200,10.0,suavizado,14,0.026159770662443623,5,3,0.4779856719933323,0.5323540825267922,2,0.018562261824746643,1.0,0.16214029891047457,0.011823055668220606,1.0,0.10327390787007446,0.0025815139617119927,1.0,0.022318304350844278,0.0166553736662217,1.0,0.2001159625014789,0.010608473740398751,1.0,0.12746260629264144,0.0023058893909684813,1.0,0.02765053431815528
200,10.0,suavizado,15,0.018256336161409502,5,3,0.4926039938979435,0.5411098821501418,2,0.007383674218436451,1.0,0.12246898751895301,0.00470300364900818,1.0,0.07800547320721268,0.0010873118551967176,1.0,0.01777181866209253,0.0076495238073203105,1.0,0.13728295472711266,0.004872337848338124,1.0,0.08744113988290109,0.0011373013614510569,1.0,0.019882521724967378
200,10.0,suavizado,16,0.01870845717395907,5,3,0.4936004391071086,0.5725876171337729,2,0.008200274786565072,1.0,0.11892662212683013,0.005223080384896229,1.0,0.0757494165291857,0.0011593410043598976,1.0,0.016356951941296206,0.008859124161437366,1.0,0.13294337885091853,0.005642731216182172,1.0,0.08467729843479432,0.001261349122937356,1.0,0.018293589853917696
200,10.0,suavizado,17,0.021023743081897327,5,3,0.49521854451220415,0.5999924932534949,2,0.042710274542330916,0.9393939393939394,0.15007189198530616,0.02720392672400978,0.9393939393939394,0.09558734912469558,0.006198984465455551,0.9292929292929293,0.021769097699671763,0.025141519474115265,1.0,0.17025362812321873,0.016013643107749963,1.0,0.10844180282449013,0.003650037145832232,1.0,0.024696776386491915
200,10.0,suavizado,18,0.01802106776263,5,3,0.5113137998039216,0.559559465860844,2,0.0314528905084195,0.9797979797979798,0.11791672127801152,0.02003365174001735,0.9797979797979798,0.07510618476044077,0.004435033903291422,0.9696969696969697,0.01652618148587784,0.026642117405580153,1.0,0.12997320801432757,0.016969479951605592,1.0,0.08278536446623282,0.003764209497060221,1.0,0.018253566736485757
200,10.0,suavizado,19,0.031636228734447235,5,3,0.430539911865235,0.4464930174049581,2,0.045663173998589324,0.8282828282828283,0.15404069139156937,0.02908488339090895,0.8282828282828283,0.0981150204110177,0.006502837137995882,0.8181818181818182,0.021907370400151203,0.04700780541468517,0.8585858585858586,0.16896561681394945,0.029941322241965895,0.8585858585858586,0.10762132680286954,0.006693437347095411,0.8585858585858586,0.023998761474842034
200,20.0,poço,0,0.15170461449889078,5,3,0.547351942915337,1.3090699513968107,2,0.14687393961126127,0.5858585858585859,0.16260156197455716,0.10907804121704966,0.5656565656565656,0.12143269748014707,0.045155734066972444,0.5959595959595959,0.0682203606699802,0.1546989860656201,0.6262626262626263,0.24370103720659556,0.11847837401598726,0.5858585858585859,0.1802704739939605,0.04523291013661447,0.7070707070707071,0.09935508837665732
200,20.0,poço,1,0.15170461449889078,5,3,0.508340055679504,1.150380412415086,2,0.14002876345045318,0.5252525252525253,0.15998703304976905,0.10625058468074136,0.5555555555555556,0.11825748124559789,0.04645767858169718,0.3838383838383838,0.06720673585826009,0.14787760532244865,0.6363636363636364,0.257453843914238,0.1149709345264946,0.6363636363636364,0.19101913093209688,0.04388656082811309,0.7575757575757576,0.09663143821036117
200,20.0,poço,2,0.15170461449889078,5,3,0.5456664519511627,1.3172970604916898,2,0.1469159881205463,0.5151515151515151,0.15791958339847686,0.11335643607628995,0.48484848484848486,0.11654536328675086,0.04059317870246945,0.5656565656565656,0.06507637202913892,0.14739707245413458,0.6767676767676768,0.2486280657586222,0.11155781093782209,0.6666666666666666,0.18405880063057758,0.043572363002611435,0.7777777777777778,0.09477745807017207
200,20.0,poço,3,0.15170461449889078,5,3,0.5433963022994498,1.2075783448148538,2,0.13446124608921722,0.5555555555555556,0.17088718003270262,0.1018214775525719,0.5454545454545454,0.12312620561579851,0.03724379637884665,0.7070707070707071,0.07083614961425945,0.14420877767765236,0.6666666666666666,0.25120858150540615,0.10997103261615711,0.6363636363636364,0.18118899549812467,0.04185597965476815,0.8080808080808081,0.10098756114990577
200,20.0,poço,4,0.15170461449889078,5,3,0.5296552961203228,1.1971807589289771,2,0.15713504808343956,0.3838383838383838,0.16682776337353544,0.11971277403439123,0.3434343434343434,0.1252740034818191,0.044822981468162056,0.6262626262626263,0.0680627177401086,0.157188173735811,0.6666666666666666,0.2477973821256245,0.1177935754822208,0.6868686868686869,0.18495063563590963,0.048012133008951685,0.7272727272727273,0.09620242480453425
200,20.0,poço,5,0.15170461449889078,5,3,0.5164103204629084,1.3489944746238376,2,0.15781528367491438,0.4444444444444444,0.16075192168743893,0.11999832166762285,0.494949494949495,0.12119481942127039,0.042465974613984867,0.5656565656565656,0.06585107974466961,0.15599971071039564,0.696969696969697,0.25678824500888114,0.1190735365325667,0.6767676767676768,0.1912088908169473,0.044681987498599265,0.7474747474747475,0.09790127841877087
200,20.0,poço,6,0.15170461449889078,5,3,0.5159107301671083,1.2450079378970964,2,0.1403592159249765,0.494949494949495,0.16210000089254586,0.10265106245951154,0.5353535353535354,0.12014054152803458,0.055974067789442396,0.43434343434343436,0.06911108556352467,0.13920910495385094,0.6666666666666666,0.25742984080388337,0.10595765206842743,0.6565656565656566,0.1892255588180265,0.040522935905507845,0.8181818181818182,0.10251949111981651
200,20.0,poço,7,0.15170461449889078,5,3,0.4624832670455711,1.1444908492475019,2,0.14098389999270222,0.5555555555555556,0.1684788242824235,0.10769681505079158,0.5656565656565656,0.12779116443098898,0.04136768602249768,0.5959595959595959,0.06785835633830595,0.15462899256762916,0.6767676767676768,0.2541139405212901,0.1194116159951154,0.6565656565656566,0.18987355752560042,0.04318105854304566,0.7575757575757576,0.10351728309634456
200,20.0,poço,8,0.15170461449889078,5,3,0.5625679548472158,1.343684742088668,2,0.1506044486399625,0.47474747474747475,0.16475068510094068,0.11081017740786916,0.5050505050505051,0.12293369454300189,0.0433263323426955,0.5656565656565656,0.06618003198840265,0.14681620873208046,0.6868686868686869,0.2508577476455761,0.11085707594905307,0.6565656565656566,0.18742823209741266,0.049687237502322366,0.6868686868686869,0.09902472942717848
200,20.0,poço,9,0.15170461449889078,5,3,0.5418548226518382,1.270612521851988,2,0.15080531753871645,0.37373737373737376,0.16555387759435486,0.11195783642725843,0.3838383838383838,0.12164840695949404,0.05148781181650197,0.48484848484848486,0.0671700197317038,0.1568980851001538,0.6060606060606061,0.2614376132776211,0.11689591851528316,0.5858585858585859,0.18854360402185613,0.048770067902567674,0.7070707070707071,0.10136564226428177
200,20.0,poço,10,0.15170461449889078,5,3,0.49049423627008226,1.2014911865510407,2,0.13646133112198722,0.5353535353535354,0.1566724690783605,0.10446031558073517,0.5353535353535354,0.11832522113198625,0.04262630855678582,0.5252525252525253,0.0684911808487939,0.15237388304136457,0.696969696969697,0.26763809381962483,0.11506603647391463,0.6464646464646465,0.1967297528973656,0.04539628209145406,0.7272727272727273,0.10345158761974008
200,20.0,poço,11,0.15170461449889078,5,3,0.4788875805551406,1.2644955145862504,2,0.13658996913647506,0.5858585858585859,0.17062834242972663,0.10542659745640678,0.5353535353535354,0.12960694421098026,0.04270150634348847,0.5050505050505051,0.06588772824757999,0.1521586928692228,0.6464646464646465,0.2610453056423425,0.11438241546014793,0.6262626262626263,0.1906169509018356,0.04811356005021511,0.6767676767676768,0.09710791491657446
200,20.0,poço,12,0.15170461449889078,5,3,0.4944611050888443,1.1386592152911685,2,0.13667319300312167,0.5050505050505051,0.16949346084512756,0.10294281227553988,0.5858585858585859,0.12361204850997859,0.041213903399131,0.5959595959595959,0.07047073271966409,0.14429270431056174,0.6868686868686869,0.25355954770397543,0.11107491551986332,0.6565656565656566,0.1868976867208871,0.04533120697026226,0.7070707070707071,0.09953103058495479
200,20.0,poço,13,0.15170461449889078,5,3,0.6216254375107066,1.4861041936099217,2,0.14947628326463375,0.45454545454545453,0.15974448783952436,0.11099751309063298,0.41414141414141414,0.11760227477486444,0.04576711840389003,0.6666666666666666,0.06686097295048414,0.14990471066436561,0.6363636363636364,0.24977906550513287,0.11320397793375382,0.6262626262626263,0.18648680284481084,0.047620149772276466,0.7272727272727273,0.09359015705365965
200,20.0,poço,14,0.15170461449889078,5,3,0.5152303883996413,1.2730821422845622,2,0.1377986913520783,0.5252525252525253,0.16398364208347216,0.100123272241988,0.5656565656565656,0.12002955196376501,0.06637208906765643,0.30303030303030304,0.06813826090518085,0.13921936630667672,0.6868686868686869,0.2471855398250953,0.10511721866149805,0.6363636363636364,0.18300272780435625,0.052589447166206955,0.696969696969697,0.09794804059970146
200,20.0,poço,15,0.15170461449889078,5,3,0.5252032649595654,1.3059984854897184,2,0.14758748124183874,0.5252525252525253,0.16761354675200318,0.11229804024859762,0.5151515151515151,0.1206049573465238,0.042736318847788377,0.5454545454545454,0.06864543026280644,0.15477993569325837,0.696969696969697,0.26455427812734006,0.11770453734122127,0.6565656565656566,0.19234776940302892,0.04566054757704702,0.7575757575757576,0.10058199331893677
200,20.0,poço,16,0.15170461449889078,5,3,0.5318023591286656,1.2242493682246323,2,0.14515708981645356,0.5454545454545454,0.16965917127151525,0.11284147865337892,0.48484848484848486,0.12382996641948504,0.037837421411278646,0.6666666666666666,0.06712748079407435,0.15030336858063464,0.6161616161616161,0.2323958532659452,0.11364687539260047,0.6060606060606061,0.17171991128365627,0.04249476406597825,0.7171717171717171,0.09114906585457043
200,20.0,poço,17,0.15170461449889078,5,3,0.5622321076518728,1.2371027361492448,2,0.1620190890479675,0.36363636363636365,0.16278382053769166,0.11873483581530773,0.3838383838383838,0.12064066222264731,0.04888799392777027,0.42424242424242425,0.06944799496961483,0.1518938662036218,0.6363636363636364,0.24309356624075346,0.11429135073228944,0.6464646464646465,0.18069350266333856,0.047445960578135375,0.696969696969697,0.0961033983682624
200,20.0,poço,18,0.15170461449889078,5,3,0.5504928452843267,1.2859500902376302,2,0.1348665000536516,0.5151515151515151,0.16468088842333437,0.10269969443818769,0.494949494949495,0.12145406157254887,0.049427400435678726,0.48484848484848486,0.06741691980338195,0.146027908485959,0.6565656565656566,0.2453419090417362,0.11260049216209717,0.6464646464646465,0.1815152087141014,0.04879895552341607,0.6666666666666666,0.09829426679098201
200,20.0,poço,19,0.15170461449889078,5,3,0.4885882308271943,1.1427069109114156,2,0.14955247850107128,0.4444444444444444,0.16244355278955705,0.11170358823685395,0.4444444444444444,0.12022859084386397,0.04667419943691154,0.5050505050505051,0.06683813710136541,0.14747391330435106,0.6262626262626263,0.2502467431733847,0.11162301386286923,0.6363636363636364,0.18470559855046248,0.043187005857968724,0.7575757575757576,0.0942172686865645
200,50.0,poço,0,0.15170461449889078,5,4,0.6181122624954659,0.6266194170495369,3,0.15044630750603352,0.3333333333333333,0.11774512190379162,0.11056327107068413,0.41414141414141414,0.08819304847601499,0.040186552421175636,0.5050505050505051,0.04917167867793929,0.1733761248888945,0.3939393939393939,0.14393169323120358,0.14043751230540918,0.36363636363636365,0.10429772078031951,0.0486319939975922,0.3838383838383838,0.06109063783491411
200,50.0,poço,1,0.15170461449889078,5,4,0.5980375843605629,0.5560269894470634,3,0.13159944511171498,0.3939393939393939,0.11125240402893022,0.09780894338261045,0.5050505050505051,0.08369313586458836,0.047944042854493,0.2727272727272727,0.047633859460178625,0.15193377591714874,0.43434343434343436,0.14835991841572038,0.12798964844518404,0.37373737373737376,0.10582541311194743,0.044366013765550404,0.5454545454545454,0.05764840331216166
200,50.0,poço,2,0.15170461449889078,5,4,0.6154412600594436,0.633347270450754,3,0.1354667249423621,0.3838383838383838,0.11602627342633995,0.10318142540011842,0.43434343434343436,0.08517083659570084,0.03908038059195883,0.47474747474747475,0.048098135144004135,0.1695660308188101,0.35353535353535354,0.14090712890402685,0.13363049426058918,0.36363636363636365,0.10193366298832737,0.0341250569003597,0.6666666666666666,0.058626775569216
200,50.0,poço,3,0.15170461449889078,5,4,0.6006937917342086,0.5580073020893911,3,0.13325679945707578,0.3838383838383838,0.1215300333440572,0.099223133600138,0.41414141414141414,0.08755181212414558,0.03717568958825813,0.5353535353535354,0.052268127917865476,0.1374327881713944,0.5151515151515151,0.14674289539104798,0.10121679511101969,0.5050505050505051,0.10348804059982625,0.0328463995591027,0.7171717171717171,0.06278880564651447
200,50.0,poço,4,0.15170461449889078,5,4,0.6019631351128045,0.5751906944665541,3,0.15488696526683246,0.24242424242424243,0.11710622439308392,0.11739728414743877,0.23232323232323232,0.088333304010348,0.04133528573412051,0.5555555555555556,0.04979677642104939,0.1554438349045582,0.46464646464646464,0.14383513888385227,0.1223841919754083,0.3939393939393939,0.10519014157251473,0.045621740636925916,0.43434343434343436,0.05932482401336599
200,50.0,poço,5,0.15170461449889078,5,4,0.5789011388375852,0.5739164648067053,3,0.1470784260230955,0.30303030303030304,0.11315653043428991,0.11019798120627097,0.35353535353535354,0.08561705966675905,0.040675098321694594,0.41414141414141414,0.04661405471033792,0.17169035451252923,0.37373737373737376,0.13801762708763615,0.1345822215314584,0.32323232323232326,0.10207826434811669,0.037020388750806314,0.6262626262626263,0.05998365446240864
200,50.0,poço,6,0.15170461449889078,5,4,0.5522167809494868,0.5310317808814439,3,0.1428619394494657,0.30303030303030304,0.11568016133921645,0.10275198033126594,0.35353535353535354,0.08650958665332173,0.04295660940870944,0.36363636363636365,0.04993247574684232,0.16719650543833786,0.42424242424242425,0.14397695889703735,0.13516488690900907,0.42424242424242425,0.10312303774381108,0.03398723897162929,0.7070707070707071,0.06272363511016868
200,50.0,poço,7,0.15170461449889078,5,4,0.5243249837576771,0.5147113779821316,3,0.13764020009269085,0.4444444444444444,0.12209808684188941,0.10429797961792046,0.4444444444444444,0.09349219152810717,0.03632669744691023,0.5757575757575758,0.04852732226935757,0.15372670380067124,0.42424242424242425,0.14878802764186133,0.13205837056934694,0.40404040404040403,0.1091376782883177,0.044253540152321864,0.5151515151515151,0.06284203432982037
200,50.0,poço,8,0.15170461449889078,5,4,0.6350664926733701,0.6961507455335297,3,0.13780811497809548,0.3434343434343434,0.11775359445146952,0.10064765890588508,0.3838383838383838,0.08879354726814404,0.03803011524502475,0.46464646464646464,0.047575485090492094,0.1901604401140307,0.3333333333333333,0.1419000181923792,0.148385478689497,0.30303030303030304,0.1011325207043194,0.036454065277881975,0.5757575757575758,0.05945852025566168
200,50.0,poço,9,0.15170461449889078,5,4,0.6078884333204531,0.5967873124844022,3,0.13499234937374904,0.3333333333333333,0.11924741556386884,0.10294845159975358,0.2828282828282828,0.08649436812401438,0.04741496942918071,0.4444444444444444,0.04964285842076215,0.14593114005831695,0.3838383838383838,0.15322386232552693,0.12541127891952636,0.2727272727272727,0.10929681651611203,0.045364377025367233,0.41414141414141414,0.06112603753788346
200,50.0,poço,10,0.15170461449889078,5,4,0.5273015721484445,0.5013979253918889,3,0.13132543543376932,0.45454545454545453,0.10924200515319893,0.09928161329463486,0.47474747474747475,0.08247358646131271,0.05097611536743123,0.24242424242424243,0.049511856966429624,0.12559393195762247,0.45454545454545453,0.14742253532897848,0.10375183295112143,0.3838383838383838,0.10556170122063611,0.055802551904983795,0.37373737373737376,0.060320471636839526
200,50.0,poço,11,0.15170461449889078,5,4,0.5325010078172302,0.5277458629555724,3,0.13265189556666956,0.3838383838383838,0.12401656995548392,0.1044941766770579,0.32323232323232326,0.09403191240085003,0.034106824543336176,0.5353535353535354,0.0476014633979934,0.1624164799497769,0.42424242424242425,0.14528085213416386,0.12668453259776777,0.35353535353535354,0.10397872607617958,0.035454705883106216,0.6060606060606061,0.061060271997103954
200,50.0,poço,12,0.15170461449889078,5,4,0.5714424478752439,0.5518810691966483,3,0.13236932009920055,0.46464646464646464,0.11944144502079043,0.09771987048861233,0.46464646464646464,0.08797439378482612,0.04161512581503445,0.3838383838383838,0.051426108589415515,0.1543481954093482,0.40404040404040403,0.14365224490905795,0.1276257385978837,0.37373737373737376,0.10208183280119142,0.042723356556461284,0.6565656565656566,0.06296139555157107
200,50.0,poço,13,0.15170461449889078,5,4,0.6717591236715033,0.6464415632545686,3,0.1403230697504176,0.35353535353535354,0.11531210484940262,0.10371425551102453,0.3838383838383838,0.08634427491520838,0.041998074930185134,0.6060606060606061,0.04700998907928201,0.154521147842668,0.30303030303030304,0.1389691991378018,0.11694750000360557,0.26262626262626265,0.10237533697109238,0.061236877346530556,0.23232323232323232,0.05579505677158587
200,50.0,poço,14,0.15170461449889078,5,4,0.5650761461979027,0.586527572747769,3,0.12766135319197244,0.46464646464646464,0.11743642283599018,0.09645697767921886,0.35353535353535354,0.08569880863559526,0.054623185518589995,0.2727272727272727,0.048954501717355124,0.13742896517444814,0.494949494949495,0.14454038206993305,0.1040159554769706,0.43434343434343436,0.10085378095491135,0.0963304588867646,0.050505050505050504,0.058083104429716016
200,50.0,poço,15,0.15170461449889078,5,4,0.5923446453743855,0.6076415478375063,3,0.15411577173674276,0.2828282828282828,0.11868251384216394,0.11500797350340111,0.23232323232323232,0.08624834605901743,0.044458091582365994,0.3333333333333333,0.04874366760996207,0.16572925043819212,0.32323232323232326,0.15392004226042305,0.1260728212573451,0.31313131313131315,0.10801042322283969,0.0506623452568155,0.3939393939393939,0.06503257191140241
200,50.0,poço,16,0.15170461449889078,5,4,0.6001537889143425,0.549805108625691,3,0.13400019234339666,0.45454545454545453,0.12522606901281116,0.10421298420647856,0.3939393939393939,0.09076346509208803,0.03297834559555337,0.6363636363636364,0.04958699919896108,0.1967567254946773,0.20202020202020202,0.14245473756063232,0.13830904252813248,0.18181818181818182,0.10357222644886256,0.060100087233141926,0.21212121212121213,0.05934862688515999
200,50.0,poço,17,0.15170461449889078,5,4,0.6436809374829663,0.6061990966017112,3,0.16649805700399578,0.24242424242424243,0.11774359621536203,0.119698107247949,0.29292929292929293,0.08924410684931698,0.05126009612080901,0.31313131313131315,0.052107624473192116,0.1640106657882625,0.24242424242424243,0.1416953812340192,0.1197260271617088,0.25252525252525254,0.10472432142607738,0.0492012750817667,0.36363636363636365,0.06026842220164692
200,50.0,poço,18,0.15170461449889078,5,4,0.596411325128404,0.5842415210141333,3,0.12636223740538022,0.41414141414141414,0.11554198333008006,0.09495618506626746,0.47474747474747475,0.08497741995355404,0.046844077725511815,0.3838383838383838,0.050121686117467895,0.12314408038231121,0.5454545454545454,0.13985555113592613,0.09570833032539376,0.5353535353535354,0.10238158652487153,0.04938415161419968,0.41414141414141414,0.056446586987231276
200,50.0,poço,19,0.15170461449889078,5,4,0.5593145666923658,0.49826756821543394,3,0.15022093918519208,0.30303030303030304,0.11540207565534301,0.10895056658703221,0.31313131313131315,0.08535420443238682,0.05040190085864434,0.3434343434343434,0.048708625391933165,0.13386699571863644,0.5151515151515151,0.15149465745764135,0.10157092791237456,0.5151515151515151,0.10865383667998613,0.03094994760315466,0.7171717171717171,0.059432713659148054
400,10.0,poço,0,0.15170461449889078,5,3,0.5179784381963015,0.6646348918690157,2,0.13518982521031403,0.6868686868686869,0.23064449123348668,0.1030126439510557,0.6868686868686869,0.1720395221740441,0.040960631162869396,0.7676767676767676,0.0943274466715812,0.13745014955808435,0.696969696969697,0.26666882638884687,0.10515388963717726,0.6868686868686869,0.198308938556287,0.043754831018773095,0.7676767676767676,0.10549085726879293
400,10.0,poço,1,0.15170461449889078,5,3,0.47954838204160555,0.5916314430566978,2,0.14152645460598096,0.6666666666666666,0.23489868849166848,0.10792845834477172,0.6363636363636364,0.17450166616026944,0.04034481832615972,0.7575757575757576,0.089550116858888,0.14551084214854665,0.7171717171717171,0.26848916435008974,0.11110567619714797,0.6666666666666666,0.19884299264424535,0.042457363538462294,0.797979797979798,0.10299238844892415
400,10.0,poço,2,0.15170461449889078,5,3,0.5164242381653584,0.6529492657288988,2,0.14490656770777852,0.5959595959595959,0.23260232269992134,0.11048798306842189,0.6161616161616161,0.17378009764354643,0.04519422276315449,0.696969696969697,0.09258162269950634,0.14513478812040662,0.6464646464646465,0.2598937518468738,0.10963264044808063,0.6565656565656566,0.19341641903056164,0.04490966771025999,0.7777777777777778,0.10522584450044378
400,10.0,poço,3,0.15170461449889078,5,3,0.5249310252083738,0.6442694928337747,2,0.14510407631113104,0.6363636363636364,0.22785922633790268,0.11129045821306405,0.6161616161616161,0.1689671723380426,0.042808294537178306,0.7575757575757576,0.09017526493604464,0.1443457504168814,0.7070707070707071,0.26437731455467683,0.10939208542499139,0.6868686868686869,0.19549199417778243,0.043479805646546806,0.7676767676767676,0.10170153207992864
400,10.0,poço,4,0.15170461449889078,5,3,0.5202659729847464,0.6482594817812863,2,0.14278613450667751,0.6767676767676768,0.22598709015841453,0.10997415394537133,0.6666666666666666,0.1661088761261516,0.04060088325516126,0.7676767676767676,0.09507466591414097,0.14996247553551056,0.6868686868686869,0.26965601200676026,0.11515842429628212,0.6767676767676768,0.19912396000944627,0.040941942376992134,0.8585858585858586,0.10711920235306581
400,10.0,poço,5,0.15170461449889078,5,3,0.493101475163347,0.6268704928446852,2,0.1456140644085681,0.696969696969697,0.22923441577729028,0.11039330163546246,0.6262626262626263,0.16909640466472733,0.04128638740576394,0.7272727272727273,0.09259844163343506,0.15240374058337405,0.7171717171717171,0.26745576891378214,0.11585639064211462,0.6868686868686869,0.1969855814144398,0.04376454039823664,0.7373737373737373,0.10437759564758653
400,10.0,poço,6,0.15170461449889078,5,3,0.5115697781233911,0.6709452041874592,2,0.13778413609176926,0.6666666666666666,0.23470951440144555,0.10491115161555312,0.6868686868686869,0.17635985143452884,0.045240012668655724,0.7070707070707071,0.09291339784051912,0.14566570798247944,0.696969696969697,0.2728275747730757,0.1119410376210409,0.6868686868686869,0.2004857583144627,0.04388082052611632,0.7575757575757576,0.10265800805398946
400,10.0,poço,7,0.15170461449889078,5,3,0.4474865933406175,0.5830139469431045,2,0.153383910235739,0.5555555555555556,0.23617314083409663,0.11417566263398111,0.5454545454545454,0.1753340874710733,0.04473450732656924,0.6868686868686869,0.09156249840748239,0.14523000822567683,0.6868686868686869,0.2672997220070446,0.10878051649714626,0.6363636363636364,0.19871758430902445,0.04515245230377949,0.7575757575757576,0.10203459348893841
400,10.0,poço,8,0.15170461449889078,5,3,0.5270758018616654,0.6907839878870956,2,0.15506528775148848,0.5959595959595959,0.23564260035348847,0.11698621314778224,0.5656565656565656,0.17382947193817036,0.041168536583994046,0.797979797979798,0.09674096111848272,0.1562354676252316,0.6666666666666666,0.277467396906351,0.11892505239325615,0.6666666666666666,0.20390802627263763,0.04468551988245084,0.7777777777777778,0.10820120962550388
400,10.0,poço,9,0.15170461449889078,5,3,0.5235580272766169,0.6560111283717174,2,0.13707706634800604,0.6868686868686869,0.2349748377737374,0.10536959642811895,0.6868686868686869,0.17644491546051275,0.040174089763299704,0.7676767676767676,0.0934430868463612,0.14225077693171373,0.7171717171717171,0.2803397338177819,0.10955785535836461,0.7070707070707071,0.20784661973291954,0.045825128300650594,0.8080808080808081,0.10539803761093242
400,10.0,poço,10,0.15170461449889078,5,3,0.47659468831313756,0.6168951354208471,2,0.14668239469019717,0.6666666666666666,0.2392316914353156,0.11025785260200249,0.6363636363636364,0.17981390098951225,0.05006567318036445,0.7171717171717171,0.09473566933981067,0.14765346515905542,0.6666666666666666,0.2720848603976834,0.11235076879707397,0.6767676767676768,0.20411792103001591,0.046484703809616786,0.7474747474747475,0.10508012446788101
400,10.0,poço,11,0.15170461449889078,5,3,0.43338433648430114,0.5646111590216965,2,0.1433569028406785,0.6767676767676768,0.2316953502741925,0.10760825887400427,0.6868686868686869,0.17211013494089852,0.04212831063253719,0.7272727272727273,0.09554999413107157,0.14894098728659788,0.696969696969697,0.26926595340256965,0.110964307951525,0.6868686868686869,0.2004219348882074,0.045451394793882036,0.7373737373737373,0.1030623254379038
400,10.0,poço,12,0.15170461449889078,5,3,0.47467155872020944,0.6110103336122831,2,0.14953544714399425,0.6464646464646465,0.23454123801384566,0.11523874872268035,0.6464646464646465,0.1751977208649618,0.041336564357151384,0.7070707070707071,0.0910125563550963,0.15035970405225013,0.6363636363636364,0.26456623161428006,0.11572089550337987,0.6363636363636364,0.19662798856724756,0.04240104995035135,0.8181818181818182,0.10333281553559139
400,10.0,poço,13,0.15170461449889078,5,3,0.5876255253024639,0.7253290768353989,2,0.1397433148819887,0.6565656565656566,0.22488756308306596,0.10729551144206437,0.6363636363636364,0.16816165373660302,0.04419980556664111,0.7373737373737373,0.08855139461295546,0.1420344660720768,0.7070707070707071,0.2663690170308939,0.10877575600356057,0.6767676767676768,0.19674126157095875,0.047183515556233485,0.7676767676767676,0.1006377591966244
400,10.0,poço,14,0.15170461449889078,5,3,0.49815704560765983,0.6396927607557704,2,0.13342932669529328,0.7171717171717171,0.2378083645614042,0.10132980314009866,0.6868686868686869,0.17734845746015096,0.03937613904200111,0.7777777777777778,0.09377460999769048,0.13693319649046032,0.7373737373737373,0.2724215162087086,0.10390567701285708,0.696969696969697,0.20157201809389297,0.04110772118302099,0.8282828282828283,0.10233047675604137
400,10.0,poço,15,0.15170461449889078,5,3,0.4908607481058259,0.6344255152415516,2,0.14215530573291021,0.6464646464646465,0.2368826787410124,0.11176421368400323,0.6464646464646465,0.17655804387803128,0.039022230346855105,0.7575757575757576,0.09500012974768997,0.14822957487383084,0.6868686868686869,0.27127408445363843,0.1146775649995793,0.6767676767676768,0.20011899972163638,0.04385458116705408,0.8080808080808081,0.1066899285036076
400,10.0,poço,16,0.15170461449889078,5,3,0.5015717351115969,0.6171354655342907,2,0.1507869402840154,0.6464646464646465,0.22859909116816984,0.11482854825109613,0.6262626262626263,0.1701234825967284,0.040821808091135524,0.7373737373737373,0.09002945262812613,0.1473045060831849,0.7070707070707071,0.2604638212734181,0.11235573856804468,0.6666666666666666,0.19290844065113946,0.042371687689422094,0.8181818181818182,0.10094479966411449
400,10.0,poço,17,0.15170461449889078,5,3,0.5392100892825014,0.6605547750851278,2,0.14759349441074823,0.6262626262626263,0.23792247684490228,0.11236590642324526,0.6565656565656566,0.1789461160006588,0.04653671280325967,0.7272727272727273,0.0959111053320899,0.15054139507954772,0.6565656565656566,0.26313381218688436,0.11441448071723762,0.6464646464646465,0.19753377163007843,0.04473648920586633,0.797979797979798,0.106321743845495
400,10.0,poço,18,0.15170461449889078,5,3,0.5144047162266641,0.6415841092436545,2,0.14521518785868137,0.6363636363636364,0.22882117027217114,0.11016908146708906,0.6161616161616161,0.17009628002916785,0.0421748071821822,0.7777777777777778,0.0930541189398262,0.14459248674390243,0.7171717171717171,0.2655964403126468,0.10976838449156505,0.7070707070707071,0.19513576604455038,0.04277946468196852,0.8181818181818182,0.10248548049641489
400,10.0,poço,19,0.15170461449889078,5,3,0.4551971319703563,0.5742543924862087,2,0.1527141245894738,0.6262626262626263,0.23301889015365296,0.11354360763981544,0.5959595959595959,0.1732224777047453,0.04841696102949106,0.6464646464646465,0.09369581855275362,0.15219859024433088,0.696969696969697,0.26812710489065306,0.11344644898552651,0.6868686868686869,0.19666714600260296,0.04967001320947548,0.7171717171717171,0.10276601715945723
